datetime,count
2011-01-20 00:00:00,120.01012471051655
2011-01-20 01:00:00,60.81652385770455
2011-01-20 02:00:00,60.81652385770455
2011-01-20 03:00:00,84.65609143673551
2011-01-20 04:00:00,84.65609143673551
2011-01-20 05:00:00,110.49502508829674
2011-01-20 06:00:00,104.16042555161633
2011-01-20 07:00:00,100.6168641816603
2011-01-20 08:00:00,95.774455040666
2011-01-20 09:00:00,101.10187401726822
2011-01-20 10:00:00,100.80354895391575
2011-01-20 11:00:00,119.48092045383093
2011-01-20 12:00:00,117.60916403602977
2011-01-20 13:00:00,107.51232488252086
2011-01-20 14:00:00,122.01375818291638
2011-01-20 15:00:00,141.97669353681295
2011-01-20 16:00:00,118.39457670808069
2011-01-20 17:00:00,121.14591600063953
2011-01-20 18:00:00,99.70741265416203
2011-01-20 19:00:00,112.22873986075713
2011-01-20 20:00:00,114.47432718837432
2011-01-20 21:00:00,125.39781969595717
2011-01-20 22:00:00,119.39856415551316
2011-01-20 23:00:00,114.09045850584914
2011-01-21 00:00:00,111.01662973125894
2011-01-21 01:00:00,111.01662973125894
2011-01-21 02:00:00,65.58182585122174
2011-01-21 03:00:00,20.731559773337167
2011-01-21 04:00:00,76.23762638135335
2011-01-21 05:00:00,127.95801851109975
2011-01-21 06:00:00,100.03517226104809
2011-01-21 07:00:00,65.70760445473901
2011-01-21 08:00:00,80.94360214109952
2011-01-21 09:00:00,89.17450237823502
2011-01-21 10:00:00,64.62558254657492
2011-01-21 11:00:00,74.32291405743915
2011-01-21 12:00:00,61.27130624271629
2011-01-21 13:00:00,57.21542894468267
2011-01-21 14:00:00,96.05404457364021
2011-01-21 15:00:00,155.56841496098832
2011-01-21 16:00:00,162.22489203441674
2011-01-21 17:00:00,123.0880650315367
2011-01-21 18:00:00,96.86336003866643
2011-01-21 19:00:00,96.97171796817061
2011-01-21 20:00:00,62.049092167082
2011-01-21 21:00:00,35.47219342985325
2011-01-21 22:00:00,30.633312322210664
2011-01-21 23:00:00,39.19409163283815
2011-01-22 00:00:00,41.95754769614024
2011-01-22 01:00:00,3.4494360027912165
2011-01-22 02:00:00,0.0
2011-01-22 03:00:00,0.0
2011-01-22 04:00:00,45.04702285218408
2011-01-22 06:00:00,33.48602598890052
2011-01-22 07:00:00,65.2316447003754
2011-01-22 08:00:00,64.66611642680373
2011-01-22 09:00:00,6.048493954086698
2011-01-22 10:00:00,0.0
2011-01-22 11:00:00,0.0
2011-01-22 12:00:00,0.0
2011-01-22 13:00:00,71.95852255289923
2011-01-22 14:00:00,67.86613344058449
2011-01-22 15:00:00,149.2953150398867
2011-01-22 16:00:00,122.17659059425418
2011-01-22 17:00:00,150.288963651002
2011-01-22 18:00:00,30.241297574591947
2011-01-22 19:00:00,29.158162030883446
2011-01-22 20:00:00,14.837118673249194
2011-01-22 21:00:00,23.530315833382666
2011-01-22 22:00:00,39.47916513631907
2011-01-22 23:00:00,112.236562954086
2011-01-23 00:00:00,112.236562954086
2011-01-23 01:00:00,112.236562954086
2011-01-23 02:00:00,173.80430353022024
2011-01-23 03:00:00,173.80430353022024
2011-01-23 05:00:00,87.45187942367323
2011-01-23 06:00:00,87.45187942367323
2011-01-23 07:00:00,24.52628885292632
2011-01-23 08:00:00,17.636662463182525
2011-01-23 09:00:00,53.121144490003495
2011-01-23 10:00:00,32.62360672321106
2011-01-23 11:00:00,57.29977047628557
2011-01-23 12:00:00,59.96308240219983
2011-01-23 13:00:00,60.88327860130346
2011-01-23 14:00:00,85.99551043050351
2011-01-23 15:00:00,85.99551043050351
2011-01-23 16:00:00,143.48754889080408
2011-01-23 17:00:00,173.543347639938
2011-01-23 18:00:00,103.79039135718237
2011-01-23 19:00:00,111.92332840480557
2011-01-23 20:00:00,57.361372986507874
2011-01-23 21:00:00,62.47499830296216
2011-01-23 22:00:00,46.13893119632412
2011-01-23 23:00:00,10.278262979470789
2011-01-24 00:00:00,36.682524432853775
2011-01-24 01:00:00,109.24574802306007
2011-01-24 03:00:00,45.33886853766083
2011-01-24 04:00:00,232.20927580338903
2011-01-24 05:00:00,232.20927580338903
2011-01-24 06:00:00,194.16932835158616
2011-01-24 07:00:00,217.20870030182323
2011-01-24 08:00:00,159.67660121409045
2011-01-24 09:00:00,61.734842393655896
2011-01-24 10:00:00,92.77325499431805
2011-01-24 11:00:00,62.91432779915516
2011-01-24 12:00:00,67.58800222758919
2011-01-24 13:00:00,43.11858938148256
2011-01-24 14:00:00,37.50563095855153
2011-01-24 15:00:00,98.82201788148541
2011-01-24 16:00:00,59.396243344651026
2011-01-24 17:00:00,51.01638126962656
2011-01-24 18:00:00,74.95692078842035
2011-01-24 19:00:00,74.4926867325828
2011-01-24 20:00:00,74.95692078842035
2011-01-24 21:00:00,74.87319044036767
2011-01-24 22:00:00,45.43708489385467
2011-01-24 23:00:00,63.21224237668453
2011-01-25 00:00:00,43.431873833602204
2011-01-25 01:00:00,59.52096573695795
2011-01-25 02:00:00,67.15916009981694
2011-01-25 04:00:00,83.20097981371102
2011-01-25 05:00:00,67.39922058357728
2011-01-25 06:00:00,95.5182050732205
2011-01-25 07:00:00,76.95622714509781
2011-01-25 08:00:00,72.08725767383308
2011-01-25 09:00:00,67.14292947357175
2011-01-25 10:00:00,112.58043446088118
2011-01-25 11:00:00,108.28004870940131
2011-01-25 12:00:00,87.45122808400552
2011-01-25 13:00:00,99.80053745290516
2011-01-25 14:00:00,105.67352966835142
2011-01-25 15:00:00,124.1717972415519
2011-01-25 16:00:00,124.1717972415519
2011-01-25 17:00:00,131.1468779566653
2011-01-25 18:00:00,112.49107452111818
2011-01-25 19:00:00,108.5681503601915
2011-01-25 20:00:00,102.69438329318635
2011-01-25 21:00:00,102.69438329318635
2011-01-25 22:00:00,90.84650160602787
2011-01-25 23:00:00,92.77075320128802
2011-01-26 00:00:00,81.80651394825624
2011-01-26 01:00:00,98.85743503562283
2011-01-26 02:00:00,44.91419446054478
2011-01-26 05:00:00,31.423228319120632
2011-01-26 06:00:00,31.423228319120632
2011-01-26 07:00:00,22.38416277442063
2011-01-26 08:00:00,22.38416277442063
2011-01-26 09:00:00,22.38416277442063
2011-01-26 10:00:00,18.54890036738093
2011-01-26 11:00:00,1.1665811417580656
2011-01-26 12:00:00,1.1665811417580656
2011-01-26 13:00:00,1.1665811417580656
2011-01-26 14:00:00,15.3521736407181
2011-01-26 15:00:00,22.88384555082169
2011-01-26 16:00:00,35.40657549435454
2011-01-26 17:00:00,10.378499538470436
2011-01-27 16:00:00,100.61349384355165
2011-01-27 17:00:00,82.14248162740853
2011-01-27 18:00:00,55.02910924407364
2011-01-27 19:00:00,55.02910924407364
2011-01-27 20:00:00,63.11771943316439
2011-01-27 21:00:00,63.11771943316439
2011-01-27 22:00:00,63.11771943316439
2011-01-27 23:00:00,99.13614571388717
2011-01-28 00:00:00,89.02999742026873
2011-01-28 01:00:00,89.02999742026873
2011-01-28 02:00:00,91.86933840595776
2011-01-28 03:00:00,98.47030660823245
2011-01-28 05:00:00,92.59541192713486
2011-01-28 06:00:00,86.85485393374985
2011-01-28 07:00:00,62.06870420839634
2011-01-28 08:00:00,62.06870420839634
2011-01-28 09:00:00,65.88549667023071
2011-01-28 10:00:00,75.2423653628857
2011-01-28 11:00:00,87.35447293254653
2011-01-28 12:00:00,87.35447293254653
2011-01-28 13:00:00,87.35447293254653
2011-01-28 14:00:00,84.26529783068769
2011-01-28 15:00:00,88.718912075845
2011-01-28 16:00:00,60.54422689999613
2011-01-28 17:00:00,81.81718551698296
2011-01-28 18:00:00,89.92245025883273
2011-01-28 19:00:00,106.87511776064143
2011-01-28 20:00:00,126.79535156679671
2011-01-28 21:00:00,91.7993444438705
2011-01-28 22:00:00,137.92243925249693
2011-01-28 23:00:00,110.49502508829674
2011-01-29 00:00:00,77.00563524573687
2011-01-29 01:00:00,49.55858920769218
2011-01-29 02:00:00,51.28570087895204
2011-01-29 03:00:00,41.86215325549479
2011-01-29 04:00:00,29.24565834025892
2011-01-29 06:00:00,30.47517113819348
2011-01-29 07:00:00,39.031967129815854
2011-01-29 08:00:00,63.27593759687089
2011-01-29 09:00:00,21.968974196986515
2011-01-29 10:00:00,32.28365888084773
2011-01-29 11:00:00,33.68741045539192
2011-01-29 12:00:00,56.32976063362183
2011-01-29 13:00:00,63.436142631746826
2011-01-29 14:00:00,50.509455901119466
2011-01-29 15:00:00,48.796824316991035
2011-01-29 16:00:00,57.46943180900409
2011-01-29 17:00:00,21.07853736741213
2011-01-29 18:00:00,29.57629075827019
2011-01-29 19:00:00,66.69828755872018
2011-01-29 20:00:00,22.112007359934488
2011-01-29 21:00:00,22.112007359934488
2011-01-29 22:00:00,24.502901197275094
2011-01-29 23:00:00,24.502901197275094
2011-01-30 00:00:00,50.23173553083112
2011-01-30 01:00:00,15.25812221114245
2011-01-30 02:00:00,24.205973834425023
2011-01-30 03:00:00,0.0
2011-01-30 04:00:00,0.0
2011-01-30 05:00:00,14.024050118593834
2011-01-30 07:00:00,14.024050118593834
2011-01-30 08:00:00,18.933129355370728
2011-01-30 09:00:00,41.28634583818406
2011-01-30 10:00:00,42.94062971446586
2011-01-30 11:00:00,19.03078636015619
2011-01-30 12:00:00,82.9420836288479
2011-01-30 13:00:00,50.40566840011694
2011-01-30 14:00:00,41.710357940727604
2011-01-30 15:00:00,71.8268704561948
2011-01-30 16:00:00,71.8268704561948
2011-01-30 17:00:00,74.93906483598268
2011-01-30 18:00:00,50.437173886297764
2011-01-30 19:00:00,51.75732269941456
2011-01-30 20:00:00,61.610875653286605
2011-01-30 21:00:00,77.49474454714013
2011-01-30 22:00:00,94.30316414466006
2011-01-30 23:00:00,99.05242750954532
2011-01-31 00:00:00,127.77294916631188
2011-01-31 01:00:00,92.16480460514019
2011-01-31 02:00:00,80.45174551112629
2011-01-31 03:00:00,80.45174551112629
2011-01-31 04:00:00,104.85524746435827
2011-01-31 05:00:00,72.416172587393
2011-01-31 06:00:00,91.76371993898015
2011-01-31 07:00:00,55.87193845462656
2011-01-31 08:00:00,58.39336612172012
2011-01-31 09:00:00,68.28225780680174
2011-01-31 10:00:00,64.36237478485845
2011-01-31 11:00:00,64.36237478485845
2011-01-31 12:00:00,75.73471762402302
2011-01-31 13:00:00,63.34361792575593
2011-01-31 14:00:00,74.19757143089672
2011-01-31 15:00:00,70.7987272684809
2011-01-31 16:00:00,59.56337217322604
2011-01-31 17:00:00,64.36237478485845
2011-01-31 18:00:00,60.811980173725125
2011-01-31 19:00:00,103.32849106023878
2011-01-31 20:00:00,45.01716622538829
2011-01-31 21:00:00,43.88839944905768
2011-01-31 22:00:00,64.92591813824893
2011-01-31 23:00:00,40.780209573030206
2011-02-20 00:00:00,117.36513370726964
2011-02-20 01:00:00,93.40133458625465
2011-02-20 02:00:00,98.62976165088021
2011-02-20 03:00:00,57.53412720717686
2011-02-20 04:00:00,57.53412720717686
2011-02-20 06:00:00,75.16593895991313
2011-02-20 07:00:00,55.473664808894
2011-02-20 08:00:00,45.65027461017631
2011-02-20 09:00:00,74.57220220211876
2011-02-20 10:00:00,81.94136759606441
2011-02-20 11:00:00,78.43012603824027
2011-02-20 12:00:00,141.4918699014181
2011-02-20 13:00:00,216.4421854531955
2011-02-20 14:00:00,191.69079803267996
2011-02-20 15:00:00,248.70238569255707
2011-02-20 16:00:00,225.74719704723552
2011-02-20 17:00:00,153.0633126353668
2011-02-20 18:00:00,105.30705669358073
2011-02-20 19:00:00,105.30705669358073
2011-02-20 20:00:00,109.51794645526638
2011-02-20 21:00:00,52.55598778216986
2011-02-20 22:00:00,126.24401290474033
2011-02-20 23:00:00,98.64003588648728
2011-02-21 00:00:00,137.25080960904697
2011-02-21 01:00:00,137.25080960904697
2011-02-21 02:00:00,137.25080960904697
2011-02-21 03:00:00,130.08151910492361
2011-02-21 04:00:00,92.19621359462796
2011-02-21 05:00:00,72.3386934208594
2011-02-21 06:00:00,177.2367976634128
2011-02-21 07:00:00,167.68475880441923
2011-02-21 08:00:00,116.45422734700965
2011-02-21 09:00:00,113.74520148592363
2011-02-21 10:00:00,111.59183121833799
2011-02-21 11:00:00,80.7172324763766
2011-02-21 12:00:00,127.01256862343241
2011-02-21 13:00:00,33.54358893777947
2011-02-21 14:00:00,86.35470203336511
2011-02-21 15:00:00,80.88972134446897
2011-02-21 16:00:00,71.25849529358206
2011-02-21 17:00:00,68.06238785556926
2011-02-21 18:00:00,45.07207178637804
2011-02-21 19:00:00,45.07207178637804
2011-02-21 20:00:00,47.74693439447401
2011-02-21 21:00:00,58.32403591289328
2011-02-21 22:00:00,49.42551863009004
2011-02-21 23:00:00,49.42551863009004
2011-02-22 06:00:00,58.11356915823208
2011-02-22 07:00:00,58.11356915823208
2011-02-22 08:00:00,67.23407207098853
2011-02-22 09:00:00,67.97350324585828
2011-02-22 10:00:00,59.75227716660542
2011-02-22 11:00:00,47.63383310194577
2011-02-22 12:00:00,104.42627851523463
2011-02-22 13:00:00,110.13912832053953
2011-02-22 14:00:00,100.61349384355165
2011-02-22 15:00:00,89.91120947656415
2011-02-22 16:00:00,90.67562828911153
2011-02-22 17:00:00,78.98784689822168
2011-02-22 18:00:00,83.7767396141763
2011-02-22 19:00:00,64.74735282143132
2011-02-22 20:00:00,75.52120848183992
2011-02-22 21:00:00,74.75799041769565
2011-02-22 22:00:00,69.64299186564182
2011-02-22 23:00:00,69.64299186564182
2011-02-23 00:00:00,52.78582107515335
2011-02-23 01:00:00,63.8519180035266
2011-02-23 02:00:00,57.358099116280606
2011-02-23 03:00:00,61.740967048180224
2011-02-23 05:00:00,56.10449781150659
2011-02-23 06:00:00,56.10449781150659
2011-02-23 07:00:00,69.09310960143705
2011-02-23 08:00:00,74.4926867325828
2011-02-23 09:00:00,55.55496476997727
2011-02-23 10:00:00,87.96759573893912
2011-02-23 11:00:00,96.64126473914206
2011-02-23 12:00:00,98.4072403370464
2011-02-23 13:00:00,146.02700439664818
2011-02-23 14:00:00,182.20129020287624
2011-02-23 15:00:00,178.81049600897896
2011-02-23 16:00:00,186.45822704203988
2011-02-23 17:00:00,178.81049600897896
2011-02-23 18:00:00,168.80311205403098
2011-02-23 19:00:00,165.17234224201215
2011-02-23 20:00:00,97.43483602252314
2011-02-23 21:00:00,73.02426784032899
2011-02-23 22:00:00,73.02426784032899
2011-02-23 23:00:00,66.4207047901523
2011-02-24 00:00:00,66.4207047901523
2011-02-24 01:00:00,61.44110964549594
2011-02-24 02:00:00,48.85915310269688
2011-02-24 03:00:00,90.23546445807179
2011-02-24 05:00:00,81.10198045599506
2011-02-24 06:00:00,77.03280961895048
2011-02-24 07:00:00,89.00683377446497
2011-02-24 08:00:00,99.16234145801585
2011-02-24 09:00:00,74.18890106393977
2011-02-24 10:00:00,93.38504965829178
2011-02-24 11:00:00,142.98907684441198
2011-02-24 12:00:00,151.43997043487946
2011-02-24 13:00:00,132.33968703754059
2011-02-24 14:00:00,136.04803084761585
2011-02-24 15:00:00,139.49423902716887
2011-02-24 16:00:00,91.43443602971439
2011-02-24 17:00:00,74.29884050047008
2011-02-24 18:00:00,63.03736558775572
2011-02-24 19:00:00,10.271470401763295
2011-02-24 20:00:00,49.05253993726943
2011-02-24 21:00:00,63.03736558775572
2011-02-24 22:00:00,49.445610616654115
2011-02-24 23:00:00,82.52933542584066
2011-02-25 00:00:00,88.88105562787919
2011-02-25 01:00:00,118.45952012125838
2011-02-25 02:00:00,118.45952012125838
2011-02-25 03:00:00,90.98321358424027
2011-02-25 05:00:00,90.98321358424027
2011-02-25 06:00:00,73.1641083132449
2011-02-25 07:00:00,44.57913993183486
2011-02-25 08:00:00,69.22942482038955
2011-02-25 09:00:00,13.794320460456532
2011-02-25 10:00:00,0.0
2011-02-25 11:00:00,213.5574129472805
2011-02-25 12:00:00,149.140706350943
2011-02-25 13:00:00,149.140706350943
2011-02-25 14:00:00,261.1128710779786
2011-02-25 15:00:00,125.86610951519555
2011-02-25 16:00:00,102.33791827846925
2011-02-25 17:00:00,15.37730998980268
2011-02-25 18:00:00,101.58178426882247
2011-02-25 19:00:00,154.35630740447496
2011-02-25 20:00:00,101.4732045835137
2011-02-25 21:00:00,98.44171937667755
2011-02-25 22:00:00,105.48900715495155
2011-02-25 23:00:00,111.28921092631873
2011-02-26 00:00:00,61.52319155916605
2011-02-26 01:00:00,91.63258830327362
2011-02-26 02:00:00,84.78819500818558
2011-02-26 03:00:00,56.27116715741408
2011-02-26 04:00:00,58.02441864002276
2011-02-26 05:00:00,60.23911255131297
2011-02-26 06:00:00,19.05458437760518
2011-02-26 07:00:00,22.184300438965032
2011-02-26 08:00:00,52.567909919427066
2011-02-26 09:00:00,61.17544211613615
2011-02-26 10:00:00,63.389122509935
2011-02-26 11:00:00,128.46837791406085
2011-02-26 12:00:00,92.95452653474467
2011-02-26 13:00:00,129.00727181916326
2011-02-26 14:00:00,135.65757608387312
2011-02-26 15:00:00,136.59676393110027
2011-02-26 16:00:00,156.7215106305767
2011-02-26 17:00:00,176.94991831787723
2011-02-26 18:00:00,126.57563661375252
2011-02-26 19:00:00,116.44938134951838
2011-02-26 20:00:00,81.37341027568124
2011-02-26 21:00:00,79.92919730686786
2011-02-26 22:00:00,58.318947347850504
2011-02-26 23:00:00,63.789881348835415
2011-02-27 00:00:00,40.33542964616442
2011-02-27 01:00:00,35.9354367393504
2011-02-27 02:00:00,52.10386351185984
2011-02-27 03:00:00,35.13794061342913
2011-02-27 04:00:00,55.373429091232225
2011-02-27 06:00:00,39.845696620243764
2011-02-27 07:00:00,55.373429091232225
2011-02-27 08:00:00,38.196745382850246
2011-02-27 09:00:00,39.57518595255955
2011-02-27 10:00:00,74.06518269748904
2011-02-27 11:00:00,88.10187041319523
2011-02-27 12:00:00,123.75227343363227
2011-02-27 13:00:00,167.85662888362955
2011-02-27 14:00:00,168.49366886255547
2011-02-27 15:00:00,204.03823129136876
2011-02-27 16:00:00,227.64579139213672
2011-02-27 17:00:00,146.72817233183133
2011-02-27 18:00:00,131.63173086823906
2011-02-27 19:00:00,127.24671192711604
2011-02-27 20:00:00,123.75227343363227
2011-02-27 21:00:00,109.9467609077041
2011-02-27 22:00:00,120.61356640202544
2011-02-27 23:00:00,116.84813323894338
2011-02-28 00:00:00,112.19017362336486
2011-02-28 01:00:00,39.162552776275795
2011-02-28 03:00:00,57.658298705673204
2011-02-28 05:00:00,106.7849547689419
2011-02-28 06:00:00,84.25055833685329
2011-02-28 07:00:00,98.53782087148738
2011-02-28 08:00:00,46.481123434196995
2011-02-28 09:00:00,158.27720938476958
2011-02-28 10:00:00,118.36682308438732
2011-02-28 11:00:00,170.8504545208034
2011-02-28 12:00:00,170.8504545208034
2011-02-28 13:00:00,58.532284378371955
2011-02-28 14:00:00,4.595198192543371
2011-02-28 15:00:00,4.595198192543371
2011-02-28 16:00:00,72.52585463385131
2011-02-28 17:00:00,0.0
2011-02-28 18:00:00,70.13755036631508
2011-02-28 19:00:00,71.73420673092347
2011-02-28 20:00:00,71.73420673092347
2011-02-28 21:00:00,87.44321432498126
2011-02-28 22:00:00,25.606782320275506
2011-02-28 23:00:00,82.60237036292554
2011-03-20 00:00:00,99.45083270361124
2011-03-20 01:00:00,107.9774458115139
2011-03-20 02:00:00,105.43397031561062
2011-03-20 03:00:00,83.27736315279091
2011-03-20 04:00:00,67.09565032395903
2011-03-20 05:00:00,63.747135921794325
2011-03-20 06:00:00,74.12186944969687
2011-03-20 07:00:00,76.48342233332768
2011-03-20 08:00:00,64.70118719374054
2011-03-20 09:00:00,76.22804160924497
2011-03-20 10:00:00,85.24284243466576
2011-03-20 11:00:00,127.65618413723148
2011-03-20 12:00:00,148.9811283532013
2011-03-20 13:00:00,192.222097911062
2011-03-20 14:00:00,219.13917997731727
2011-03-20 15:00:00,213.04364818849143
2011-03-20 16:00:00,238.8438215627251
2011-03-20 17:00:00,197.24421351043088
2011-03-20 18:00:00,169.2768780331972
2011-03-20 19:00:00,181.77190846852343
2011-03-20 20:00:00,156.7215106305767
2011-03-20 21:00:00,112.15024608740403
2011-03-20 22:00:00,132.83179560410088
2011-03-20 23:00:00,131.44941698261167
2011-03-21 00:00:00,115.01954642606304
2011-03-21 01:00:00,103.54509910045692
2011-03-21 02:00:00,87.854268695344
2011-03-21 03:00:00,87.854268695344
2011-03-21 05:00:00,103.65431925823815
2011-03-21 06:00:00,57.42405951232782
2011-03-21 07:00:00,44.72585142975563
2011-03-21 08:00:00,75.58545191563806
2011-03-21 09:00:00,77.85311416776602
2011-03-21 10:00:00,105.33631266095435
2011-03-21 11:00:00,125.94427331001462
2011-03-21 12:00:00,139.4753755955867
2011-03-21 13:00:00,153.28448436528862
2011-03-21 14:00:00,168.42851027669647
2011-03-21 15:00:00,182.43205663878334
2011-03-21 16:00:00,156.9804127532224
2011-03-21 17:00:00,160.4473938816302
2011-03-21 18:00:00,176.70144932980537
2011-03-21 19:00:00,247.58124462587165
2011-03-21 20:00:00,204.18258460718403
2011-03-21 21:00:00,34.24865756216454
2011-03-21 22:00:00,103.23605411782114
2011-03-21 23:00:00,74.27358898230611
2011-03-22 00:00:00,98.39366452915367
2011-03-22 01:00:00,54.36874326693343
2011-03-22 02:00:00,34.96918710466721
2011-03-22 03:00:00,143.56403661176182
2011-03-22 04:00:00,159.65011995673086
2011-03-22 05:00:00,116.11498733268576
2011-03-22 06:00:00,106.36630661777119
2011-03-22 07:00:00,146.72961707377493
2011-03-22 08:00:00,143.4485249833005
2011-03-22 09:00:00,134.62237648702944
2011-03-22 10:00:00,145.00244409223248
2011-03-22 11:00:00,165.55636724872525
2011-03-22 12:00:00,166.12526346547725
2011-03-22 13:00:00,202.08047587779305
2011-03-22 14:00:00,223.83041984015625
2011-03-22 15:00:00,214.14882685341132
2011-03-22 16:00:00,216.26797011628503
2011-03-22 17:00:00,216.26797011628503
2011-03-22 18:00:00,153.79060690231634
2011-03-22 19:00:00,139.8656654339436
2011-03-22 20:00:00,162.56643109023324
2011-03-22 21:00:00,146.44690785592914
2011-03-22 22:00:00,141.22853200071322
2011-03-22 23:00:00,141.22853200071322
2011-03-23 00:00:00,81.35527120812897
2011-03-23 01:00:00,69.13296518638913
2011-03-23 02:00:00,69.13296518638913
2011-03-23 03:00:00,96.09568306160584
2011-03-23 05:00:00,60.744266829492794
2011-03-23 06:00:00,78.26429859528817
2011-03-23 07:00:00,72.7971698118811
2011-03-23 08:00:00,87.75895050658816
2011-03-23 09:00:00,91.05503971966903
2011-03-23 10:00:00,84.0755907842406
2011-03-23 11:00:00,93.01586287428134
2011-03-23 12:00:00,86.10607512462462
2011-03-23 13:00:00,67.35489268346467
2011-03-23 14:00:00,102.06275725134347
2011-03-23 15:00:00,127.6321960027682
2011-03-23 16:00:00,138.0187177668946
2011-03-23 17:00:00,138.0187177668946
2011-03-23 18:00:00,58.961913897764404
2011-03-23 19:00:00,58.961913897764404
2011-03-23 20:00:00,41.07680861993241
2011-03-23 21:00:00,18.355579812345326
2011-03-23 22:00:00,70.72490756573177
2011-03-23 23:00:00,90.2484697210106
2011-03-24 00:00:00,72.7971698118811
2011-03-24 01:00:00,53.8683163214336
2011-03-24 02:00:00,53.44768343866244
2011-03-24 03:00:00,53.04743808059727
2011-03-24 04:00:00,53.04743808059727
2011-03-24 05:00:00,56.495429048696394
2011-03-24 06:00:00,56.495429048696394
2011-03-24 07:00:00,19.163460372297926
2011-03-24 08:00:00,0.0
2011-03-24 09:00:00,59.962636416956265
2011-03-24 10:00:00,21.989663260384592
2011-03-24 11:00:00,81.65135997867445
2011-03-24 12:00:00,92.26541193742939
2011-03-24 13:00:00,114.20848927803006
2011-03-24 14:00:00,97.957240111462
2011-03-24 15:00:00,98.1902040417231
2011-03-24 16:00:00,112.90621991929086
2011-03-24 17:00:00,104.75241284783472
2011-03-24 18:00:00,140.51391123988589
2011-03-24 19:00:00,142.26787843680214
2011-03-24 20:00:00,104.98313625209377
2011-03-24 21:00:00,81.38956610732006
2011-03-24 22:00:00,70.49679727630041
2011-03-24 23:00:00,83.44178052062715
2011-03-25 00:00:00,117.60227232725023
2011-03-25 01:00:00,99.45891095319709
2011-03-25 02:00:00,115.73610625447498
2011-03-25 03:00:00,80.27422227707189
2011-03-25 04:00:00,88.6142722664675
2011-03-25 05:00:00,113.56163031000068
2011-03-25 06:00:00,107.97041928654123
2011-03-25 07:00:00,151.10474756047046
2011-03-25 08:00:00,89.33271656115562
2011-03-25 09:00:00,94.377843448074
2011-03-25 10:00:00,60.471581378779995
2011-03-25 11:00:00,104.64747998708731
2011-03-25 12:00:00,131.73113334605307
2011-03-25 13:00:00,141.14438732370127
2011-03-25 14:00:00,200.9362135530377
2011-03-25 15:00:00,117.10747836184576
2011-03-25 16:00:00,150.18718589424122
2011-03-25 17:00:00,138.34647219199024
2011-03-25 18:00:00,110.04969404771875
2011-03-25 19:00:00,89.10366657312521
2011-03-25 20:00:00,95.59064481064823
2011-03-25 21:00:00,106.00873101114453
2011-03-25 22:00:00,137.21107274089707
2011-03-25 23:00:00,95.67011321081301
2011-03-26 00:00:00,79.4175246886696
2011-03-26 01:00:00,96.95474239617889
2011-03-26 02:00:00,54.34155478360521
2011-03-26 03:00:00,41.90331997540984
2011-03-26 04:00:00,54.34155478360521
2011-03-26 05:00:00,39.26447919295808
2011-03-26 06:00:00,49.43425509852218
2011-03-26 07:00:00,39.26447919295808
2011-03-26 08:00:00,14.715361115035158
2011-03-26 09:00:00,10.959974016925457
2011-03-26 10:00:00,47.95465695388886
2011-03-26 11:00:00,51.75111208327225
2011-03-26 12:00:00,64.09656198585637
2011-03-26 13:00:00,68.51051852198316
2011-03-26 14:00:00,98.28054066110579
2011-03-26 15:00:00,119.18107453479125
2011-03-26 16:00:00,108.50258414164327
2011-03-26 17:00:00,41.83521256025696
2011-03-26 18:00:00,73.47146173251988
2011-03-26 19:00:00,97.13581617087351
2011-03-26 20:00:00,97.13581617087351
2011-03-26 21:00:00,63.39978112097167
2011-03-26 22:00:00,47.50092698566048
2011-03-26 23:00:00,95.2825974093067
2011-03-27 00:00:00,21.79771249183522
2011-03-27 01:00:00,54.055834787928916
2011-03-27 02:00:00,39.60314438989526
2011-03-27 03:00:00,44.974685125441574
2011-03-27 04:00:00,40.67668481009567
2011-03-27 06:00:00,33.54955947178257
2011-03-27 07:00:00,35.142492842336544
2011-03-27 08:00:00,59.64572766423409
2011-03-27 09:00:00,25.235754847513075
2011-03-27 10:00:00,63.39096029475801
2011-03-27 11:00:00,37.00367734048285
2011-03-27 12:00:00,64.87080561011689
2011-03-27 13:00:00,60.46105960278046
2011-03-27 14:00:00,70.97559455621528
2011-03-27 15:00:00,103.78468225734892
2011-03-27 16:00:00,107.54953998705778
2011-03-27 17:00:00,112.74158709865165
2011-03-27 18:00:00,77.95951280511414
2011-03-27 19:00:00,69.19680923518176
2011-03-27 20:00:00,36.3341065167609
2011-03-27 21:00:00,47.95465695388886
2011-03-27 22:00:00,47.95465695388886
2011-03-27 23:00:00,60.32794801712641
2011-03-28 00:00:00,105.31898748938877
2011-03-28 01:00:00,90.1856543998311
2011-03-28 02:00:00,89.44871276210748
2011-03-28 03:00:00,89.44871276210748
2011-03-28 05:00:00,89.86779256179491
2011-03-28 06:00:00,93.03261378329054
2011-03-28 07:00:00,165.38994779737928
2011-03-28 08:00:00,72.73468824445217
2011-03-28 09:00:00,60.97659399004228
2011-03-28 10:00:00,100.21624882970185
2011-03-28 11:00:00,83.93094537544447
2011-03-28 12:00:00,21.697287007433047
2011-03-28 13:00:00,53.26447132583515
2011-03-28 14:00:00,131.01051146895807
2011-03-28 15:00:00,157.5832272346446
2011-03-28 16:00:00,132.92522150154747
2011-03-28 17:00:00,207.2638994319937
2011-03-28 18:00:00,212.70343096017172
2011-03-28 19:00:00,136.64572545364808
2011-03-28 20:00:00,164.47312789261144
2011-03-28 21:00:00,192.27761024965386
2011-03-28 22:00:00,91.22863601561663
2011-03-28 23:00:00,131.34197590478814
2011-03-29 00:00:00,92.13123581384157
2011-03-29 01:00:00,122.50170747297776
2011-03-29 02:00:00,122.50170747297776
2011-03-29 03:00:00,122.50170747297776
2011-03-29 04:00:00,79.4435146989606
2011-03-29 05:00:00,79.96731183358963
2011-03-29 06:00:00,107.71159664742292
2011-03-29 07:00:00,139.1917585779396
2011-03-29 08:00:00,133.0767947781165
2011-03-29 09:00:00,128.78064481836012
2011-03-29 10:00:00,141.18092263173025
2011-03-29 11:00:00,197.93870865577566
2011-03-29 12:00:00,136.7345081097965
2011-03-29 13:00:00,186.96640246775704
2011-03-29 14:00:00,176.05539461295527
2011-03-29 15:00:00,133.62952769488334
2011-03-29 16:00:00,175.46757563906388
2011-03-29 17:00:00,199.8753718088345
2011-03-29 18:00:00,203.27180724208148
2011-03-29 19:00:00,148.99829664601
2011-03-29 20:00:00,203.27180724208148
2011-03-29 21:00:00,155.72920046906592
2011-03-29 22:00:00,121.96272054597924
2011-03-29 23:00:00,133.01248670977498
2011-03-30 00:00:00,123.56798143634217
2011-03-30 01:00:00,121.90159909421097
2011-03-30 02:00:00,123.56798143634217
2011-03-30 03:00:00,109.47776469386335
2011-03-30 04:00:00,123.56798143634217
2011-03-30 05:00:00,108.1104907721711
2011-03-30 06:00:00,103.34014269109844
2011-03-30 07:00:00,115.0045418252424
2011-03-30 08:00:00,137.5417211463874
2011-03-30 09:00:00,121.37271511307667
2011-03-30 10:00:00,135.22047035170138
2011-03-30 11:00:00,133.9859517542133
2011-03-30 12:00:00,139.00487203646108
2011-03-30 13:00:00,146.26031233302547
2011-03-30 14:00:00,158.45722467712093
2011-03-30 15:00:00,42.52649847870411
2011-03-30 16:00:00,43.24530424925056
2011-03-30 17:00:00,50.78158356091314
2011-03-30 18:00:00,59.962636416956265
2011-03-30 19:00:00,59.962636416956265
2011-03-30 20:00:00,0.0
2011-03-30 21:00:00,40.641472425202146
2011-03-30 22:00:00,13.13912800621857
2011-03-30 23:00:00,0.0
2011-03-31 00:00:00,13.13912800621857
2011-03-31 01:00:00,20.71353087777451
2011-03-31 02:00:00,20.71353087777451
2011-03-31 03:00:00,13.13912800621857
2011-03-31 04:00:00,5.071825944801311
2011-03-31 05:00:00,13.13912800621857
2011-03-31 06:00:00,0.0
2011-03-31 07:00:00,5.071825944801311
2011-03-31 08:00:00,37.33808507317489
2011-03-31 09:00:00,30.202964860088336
2011-03-31 10:00:00,30.202964860088336
2011-03-31 11:00:00,32.659740099637396
2011-03-31 12:00:00,32.659740099637396
2011-03-31 13:00:00,60.650740223973024
2011-03-31 14:00:00,60.650740223973024
2011-03-31 15:00:00,34.286693659819626
2011-03-31 16:00:00,76.71518338653435
2011-03-31 17:00:00,76.71518338653435
2011-03-31 18:00:00,78.81942736091699
2011-03-31 19:00:00,78.81942736091699
2011-03-31 20:00:00,16.093925122935474
2011-03-31 21:00:00,63.703137971389644
2011-03-31 22:00:00,21.74830996223102
2011-03-31 23:00:00,27.23034889397743
2011-04-20 00:00:00,82.80707555964756
2011-04-20 01:00:00,67.7685819524098
2011-04-20 02:00:00,67.7685819524098
2011-04-20 03:00:00,80.71002133172607
2011-04-20 04:00:00,45.000584605966196
2011-04-20 05:00:00,53.38805560890344
2011-04-20 06:00:00,67.7685819524098
2011-04-20 07:00:00,51.47459893502482
2011-04-20 08:00:00,282.11155232759023
2011-04-20 09:00:00,275.0450266590108
2011-04-20 10:00:00,185.6536561510797
2011-04-20 11:00:00,185.6536561510797
2011-04-20 12:00:00,388.64363300857167
2011-04-20 13:00:00,388.64363300857167
2011-04-20 14:00:00,413.95098363422574
2011-04-20 15:00:00,302.10489569300154
2011-04-20 16:00:00,302.10489569300154
2011-04-20 17:00:00,279.3245578019215
2011-04-20 18:00:00,341.3494764338493
2011-04-20 19:00:00,416.69169762667025
2011-04-20 20:00:00,371.3408810906116
2011-04-20 21:00:00,377.9210037226178
2011-04-20 22:00:00,297.4256029847255
2011-04-20 23:00:00,334.210293148202
2011-04-21 00:00:00,310.0711976131861
2011-04-21 01:00:00,221.28553606599186
2011-04-21 02:00:00,245.77497228109772
2011-04-21 03:00:00,149.98981978694331
2011-04-21 04:00:00,173.73436292888633
2011-04-21 05:00:00,267.96149820918066
2011-04-21 06:00:00,189.44869518233733
2011-04-21 07:00:00,166.73089538821546
2011-04-21 08:00:00,132.4480886660751
2011-04-21 09:00:00,149.1177283706083
2011-04-21 10:00:00,211.67256301132386
2011-04-21 11:00:00,157.63675122365447
2011-04-21 12:00:00,233.1531162614292
2011-04-21 13:00:00,302.1256224983296
2011-04-21 14:00:00,326.4637374302108
2011-04-21 15:00:00,304.8220425386112
2011-04-21 16:00:00,340.5417760284278
2011-04-21 17:00:00,348.09221107528646
2011-04-21 18:00:00,401.22303233566805
2011-04-21 19:00:00,265.50246030929407
2011-04-21 20:00:00,226.57110523891737
2011-04-21 21:00:00,156.11510889063118
2011-04-21 22:00:00,189.7774283446693
2011-04-21 23:00:00,177.68263356592723
2011-04-22 00:00:00,115.24685740672506
2011-04-22 01:00:00,125.87684090397046
2011-04-22 02:00:00,128.56100218713306
2011-04-22 03:00:00,128.56100218713306
2011-04-22 04:00:00,105.21869281378967
2011-04-22 05:00:00,113.29449630488173
2011-04-22 06:00:00,105.21869281378967
2011-04-22 07:00:00,118.23652764621235
2011-04-22 08:00:00,113.70002477334693
2011-04-22 09:00:00,127.65134661241619
2011-04-22 10:00:00,137.93925336329755
2011-04-22 11:00:00,64.8751806815627
2011-04-22 12:00:00,79.05901361521283
2011-04-22 13:00:00,65.76725132095606
2011-04-22 14:00:00,42.09262791422654
2011-04-22 15:00:00,65.76725132095606
2011-04-22 16:00:00,67.35489268346467
2011-04-22 17:00:00,39.438037460952984
2011-04-22 18:00:00,39.438037460952984
2011-04-22 19:00:00,39.438037460952984
2011-04-22 20:00:00,60.39308905670045
2011-04-22 21:00:00,35.33014055410405
2011-04-22 22:00:00,54.90404816919775
2011-04-22 23:00:00,55.75981043035948
2011-04-23 00:00:00,40.12643689409431
2011-04-23 01:00:00,40.12643689409431
2011-04-23 02:00:00,32.89425139317941
2011-04-23 03:00:00,37.8090273246746
2011-04-23 04:00:00,32.512684120984446
2011-04-23 05:00:00,32.512684120984446
2011-04-23 06:00:00,35.26641857834584
2011-04-23 07:00:00,22.440595302900064
2011-04-23 08:00:00,18.31578801051877
2011-04-23 09:00:00,22.302016809128126
2011-04-23 10:00:00,104.46970443901603
2011-04-23 11:00:00,106.19017074778219
2011-04-23 12:00:00,118.49632479070517
2011-04-23 13:00:00,141.30101074157793
2011-04-23 14:00:00,196.74789302680665
2011-04-23 15:00:00,235.7011796052898
2011-04-23 16:00:00,221.97827448301783
2011-04-23 17:00:00,229.4624436273232
2011-04-23 18:00:00,136.56713455524317
2011-04-23 19:00:00,165.23697708386146
2011-04-23 20:00:00,140.09952070651735
2011-04-23 21:00:00,177.98869936366802
2011-04-23 22:00:00,193.37571013401106
2011-04-23 23:00:00,142.09513796918134
2011-04-24 00:00:00,117.65205779518558
2011-04-24 01:00:00,68.2427945724169
2011-04-24 02:00:00,68.2427945724169
2011-04-24 03:00:00,0.4160799072232777
2011-04-24 04:00:00,0.4160799072232777
2011-04-24 05:00:00,0.4160799072232777
2011-04-24 06:00:00,53.55355304287007
2011-04-24 07:00:00,53.55355304287007
2011-04-24 08:00:00,33.23893867043276
2011-04-24 09:00:00,131.78796601623404
2011-04-24 10:00:00,126.38333870453768
2011-04-24 11:00:00,253.82361012597067
2011-04-24 12:00:00,324.1675641752027
2011-04-24 13:00:00,327.40019827445286
2011-04-24 14:00:00,431.84028611517465
2011-04-24 15:00:00,330.295407163631
2011-04-24 16:00:00,456.2534364179794
2011-04-24 17:00:00,360.6942889606908
2011-04-24 18:00:00,192.19325650799928
2011-04-24 19:00:00,171.93227401287064
2011-04-24 20:00:00,171.93227401287064
2011-04-24 21:00:00,101.71633551891023
2011-04-24 22:00:00,92.23613556956082
2011-04-24 23:00:00,98.75713283100288
2011-04-25 00:00:00,98.24513835440975
2011-04-25 01:00:00,29.2216204475516
2011-04-25 02:00:00,29.2216204475516
2011-04-25 03:00:00,87.16716872280014
2011-04-25 04:00:00,106.70915815152861
2011-04-25 05:00:00,80.31073810459719
2011-04-25 06:00:00,90.9331632211537
2011-04-25 07:00:00,99.26856646040325
2011-04-25 08:00:00,115.59802139186613
2011-04-25 09:00:00,150.6282384990706
2011-04-25 10:00:00,254.40235168116726
2011-04-25 11:00:00,254.40235168116726
2011-04-25 12:00:00,239.29546385414966
2011-04-25 13:00:00,259.5777488053611
2011-04-25 14:00:00,381.51997183795254
2011-04-25 15:00:00,388.74458321942694
2011-04-25 16:00:00,380.47405987906666
2011-04-25 17:00:00,388.98816067384195
2011-04-25 18:00:00,301.61669209256667
2011-04-25 19:00:00,273.6734678132716
2011-04-25 20:00:00,275.0450266590108
2011-04-25 21:00:00,266.43578526289167
2011-04-25 22:00:00,264.5592206455757
2011-04-25 23:00:00,213.49839926005905
2011-04-26 00:00:00,265.52375608180074
2011-04-26 01:00:00,250.55581316348176
2011-04-26 02:00:00,207.43646883276568
2011-04-26 03:00:00,161.32238851096506
2011-04-26 04:00:00,200.98527146101043
2011-04-26 05:00:00,160.995422063086
2011-04-26 06:00:00,144.72262210834901
2011-04-26 07:00:00,243.50901730691973
2011-04-26 08:00:00,243.50901730691973
2011-04-26 09:00:00,309.48914510753434
2011-04-26 10:00:00,267.33427217402937
2011-04-26 11:00:00,306.80351257492674
2011-04-26 12:00:00,358.7089421261702
2011-04-26 13:00:00,302.6677867504691
2011-04-26 14:00:00,300.54494108272485
2011-04-26 15:00:00,309.79431281988144
2011-04-26 16:00:00,308.75474018926803
2011-04-26 17:00:00,292.1381607922792
2011-04-26 18:00:00,301.1795148964149
2011-04-26 19:00:00,306.5695574767294
2011-04-26 20:00:00,309.48914510753434
2011-04-26 21:00:00,231.44822417615245
2011-04-26 22:00:00,223.8240220990657
2011-04-26 23:00:00,219.97837106645758
2011-04-27 00:00:00,191.81125908252272
2011-04-27 01:00:00,222.1376617626727
2011-04-27 02:00:00,190.000593007098
2011-04-27 03:00:00,204.5794755373187
2011-04-27 04:00:00,74.15799745938921
2011-04-27 05:00:00,139.70248950533508
2011-04-27 06:00:00,102.16841914105639
2011-04-27 07:00:00,204.5794755373187
2011-04-27 08:00:00,181.3121126854749
2011-04-27 09:00:00,219.35169856413432
2011-04-27 10:00:00,230.34362288356905
2011-04-27 11:00:00,249.41048196961634
2011-04-27 12:00:00,252.559254964133
2011-04-27 13:00:00,268.75620391296104
2011-04-27 14:00:00,241.60529129754082
2011-04-27 15:00:00,311.93614080242804
2011-04-27 16:00:00,310.996846131257
2011-04-27 17:00:00,170.30028242449953
2011-04-27 18:00:00,170.30028242449953
2011-04-27 19:00:00,231.44822417615245
2011-04-27 20:00:00,250.38426088035703
2011-04-27 21:00:00,205.74588429079483
2011-04-27 22:00:00,204.34414535609403
2011-04-27 23:00:00,211.36667249410488
2011-04-28 00:00:00,267.51376515034985
2011-04-28 01:00:00,231.09321425423863
2011-04-28 02:00:00,227.18479777464387
2011-04-28 03:00:00,231.860666776203
2011-04-28 04:00:00,223.67786123309298
2011-04-28 05:00:00,231.09321425423863
2011-04-28 06:00:00,236.3701047458799
2011-04-28 07:00:00,235.75192163222593
2011-04-28 08:00:00,237.1831350819309
2011-04-28 09:00:00,135.17006920144067
2011-04-28 10:00:00,230.57742976039793
2011-04-28 11:00:00,230.34362288356905
2011-04-28 12:00:00,223.85657895721693
2011-04-28 13:00:00,226.94233570750706
2011-04-28 14:00:00,258.8454008226439
2011-04-28 15:00:00,245.18605920020852
2011-04-28 16:00:00,227.14323285979313
2011-04-28 17:00:00,282.7286540767292
2011-04-28 18:00:00,282.7286540767292
2011-04-28 19:00:00,328.4048235982136
2011-04-28 20:00:00,335.65360972073046
2011-04-28 21:00:00,243.74181151570778
2011-04-28 22:00:00,229.53739893502734
2011-04-28 23:00:00,224.21832099569897
2011-04-29 00:00:00,256.74884387305184
2011-04-29 01:00:00,160.0951042856885
2011-04-29 02:00:00,128.98128493207727
2011-04-29 03:00:00,105.57998033615871
2011-04-29 04:00:00,144.2526244695755
2011-04-29 05:00:00,150.81196540449338
2011-04-29 06:00:00,192.20240498771702
2011-04-29 07:00:00,269.58517225255093
2011-04-29 08:00:00,279.2848350699461
2011-04-29 09:00:00,277.8493983272823
2011-04-29 10:00:00,289.8021433272335
2011-04-29 11:00:00,320.6907485053459
2011-04-29 12:00:00,303.2536218716119
2011-04-29 13:00:00,311.0423868328273
2011-04-29 14:00:00,346.0665054183791
2011-04-29 15:00:00,247.33154249457786
2011-04-29 16:00:00,240.94243365563244
2011-04-29 17:00:00,212.55584007529143
2011-04-29 18:00:00,227.40721182688782
2011-04-29 19:00:00,186.37981147160679
2011-04-29 20:00:00,182.92568327019504
2011-04-29 21:00:00,153.0832204820756
2011-04-29 22:00:00,147.7435325091719
2011-04-29 23:00:00,121.52308963933986
2011-04-30 00:00:00,150.75198863693797
2011-04-30 01:00:00,131.96797218297252
2011-04-30 02:00:00,148.74149827304916
2011-04-30 03:00:00,147.26054533995125
2011-04-30 04:00:00,149.8333662780331
2011-04-30 05:00:00,166.26018929641214
2011-04-30 06:00:00,132.47141589244984
2011-04-30 07:00:00,157.00786480043087
2011-04-30 08:00:00,164.4341855379114
2011-04-30 09:00:00,168.70737281686507
2011-04-30 10:00:00,227.06908687320623
2011-04-30 11:00:00,260.7524034338952
2011-04-30 12:00:00,310.03253655587343
2011-04-30 13:00:00,339.4484426664369
2011-04-30 14:00:00,281.0627277126089
2011-04-30 15:00:00,336.43347958036287
2011-04-30 16:00:00,393.6112394143115
2011-04-30 17:00:00,295.75739355823544
2011-04-30 18:00:00,258.4148778394564
2011-04-30 19:00:00,258.4148778394564
2011-04-30 20:00:00,92.60670954725563
2011-04-30 21:00:00,92.60670954725563
2011-04-30 22:00:00,62.75596419204698
2011-04-30 23:00:00,62.75596419204698
2011-05-20 00:00:00,24.85046424192214
2011-05-20 01:00:00,21.773646261386595
2011-05-20 02:00:00,15.386957293774316
2011-05-20 03:00:00,31.89236912413162
2011-05-20 04:00:00,34.96918710466721
2011-05-20 05:00:00,39.0973011706252
2011-05-20 06:00:00,88.11836618934987
2011-05-20 07:00:00,144.33357303687828
2011-05-20 08:00:00,157.18568251364601
2011-05-20 09:00:00,164.31176000179187
2011-05-20 10:00:00,204.18258460718403
2011-05-20 11:00:00,212.29977850625397
2011-05-20 12:00:00,153.17134440434927
2011-05-20 13:00:00,191.07231373414655
2011-05-20 14:00:00,243.55335555872244
2011-05-20 15:00:00,168.82841946433524
2011-05-20 16:00:00,231.68747461086812
2011-05-20 17:00:00,169.6351224044104
2011-05-20 18:00:00,202.6047174130795
2011-05-20 19:00:00,213.0276941955351
2011-05-20 20:00:00,231.999743437738
2011-05-20 21:00:00,209.12005212942742
2011-05-20 22:00:00,168.0107776157003
2011-05-20 23:00:00,169.7172177013803
2011-05-21 00:00:00,116.4071522465485
2011-05-21 01:00:00,105.8003429468584
2011-05-21 02:00:00,118.01259582181486
2011-05-21 03:00:00,88.18181686166116
2011-05-21 04:00:00,45.98481678492462
2011-05-21 05:00:00,45.05922540631656
2011-05-21 06:00:00,97.32127860006443
2011-05-21 07:00:00,127.48404947822704
2011-05-21 08:00:00,194.80862127688846
2011-05-21 09:00:00,260.1667278915333
2011-05-21 10:00:00,229.1774981965517
2011-05-21 11:00:00,320.9766495940811
2011-05-21 12:00:00,326.22496079977117
2011-05-21 13:00:00,401.34350574903124
2011-05-21 14:00:00,489.03707385210896
2011-05-21 15:00:00,507.11158771013055
2011-05-21 16:00:00,472.4527290376341
2011-05-21 17:00:00,412.71212033958534
2011-05-21 18:00:00,334.8111837034036
2011-05-21 19:00:00,402.3315350530734
2011-05-21 20:00:00,220.66852358452894
2011-05-21 21:00:00,229.1774981965517
2011-05-21 22:00:00,158.58787859052603
2011-05-21 23:00:00,104.26011294285611
2011-05-22 00:00:00,82.66593755259055
2011-05-22 01:00:00,18.340167073007073
2011-05-22 02:00:00,20.687208895242897
2011-05-22 03:00:00,0.0
2011-05-22 04:00:00,0.0
2011-05-22 05:00:00,0.0
2011-05-22 06:00:00,20.687208895242897
2011-05-22 07:00:00,74.22973113041667
2011-05-22 08:00:00,126.81688271866312
2011-05-22 09:00:00,174.63695695798017
2011-05-22 10:00:00,216.4133392940708
2011-05-22 11:00:00,398.62660621222494
2011-05-22 12:00:00,348.91660365258554
2011-05-22 13:00:00,301.0585978702727
2011-05-22 14:00:00,240.87679247358238
2011-05-22 15:00:00,249.63537542137286
2011-05-22 16:00:00,277.1781381043106
2011-05-22 17:00:00,321.08079719226134
2011-05-22 18:00:00,290.1121382772564
2011-05-22 19:00:00,277.8185754502299
2011-05-22 20:00:00,221.68847585667726
2011-05-22 21:00:00,158.68106980758554
2011-05-22 22:00:00,105.57545982168686
2011-05-22 23:00:00,157.4218037356651
2011-05-23 00:00:00,154.06101045514106
2011-05-23 01:00:00,115.59802139186613
2011-05-23 02:00:00,126.44887933131062
2011-05-23 03:00:00,85.8548879239486
2011-05-23 04:00:00,131.57766764356543
2011-05-23 05:00:00,131.57766764356543
2011-05-23 06:00:00,114.79418718501452
2011-05-23 07:00:00,128.39864208972077
2011-05-23 08:00:00,150.87267822553946
2011-05-23 09:00:00,159.2925775308107
2011-05-23 10:00:00,269.7501532859412
2011-05-23 11:00:00,270.94847007424266
2011-05-23 12:00:00,270.94847007424266
2011-05-23 13:00:00,188.33527863757357
2011-05-23 14:00:00,212.67120437217588
2011-05-23 15:00:00,198.19230164895143
2011-05-23 16:00:00,241.55009306382726
2011-05-23 17:00:00,203.60091444174924
2011-05-23 18:00:00,251.76948608974737
2011-05-23 19:00:00,221.86520399622611
2011-05-23 20:00:00,205.25164880236818
2011-05-23 21:00:00,175.98997970663973
2011-05-23 22:00:00,113.75379881787515
2011-05-23 23:00:00,231.7235237636358
2011-05-24 00:00:00,143.4374511647124
2011-05-24 01:00:00,134.01461078812596
2011-05-24 02:00:00,143.4374511647124
2011-05-24 03:00:00,141.153578401453
2011-05-24 04:00:00,122.78208940837055
2011-05-24 05:00:00,156.7825995725056
2011-05-24 06:00:00,161.1391011517899
2011-05-24 07:00:00,201.25877765653257
2011-05-24 08:00:00,167.27004477700913
2011-05-24 09:00:00,287.20281568978425
2011-05-24 10:00:00,317.97845145637643
2011-05-24 11:00:00,388.74458321942694
2011-05-24 12:00:00,337.38520544513415
2011-05-24 13:00:00,378.40016777581985
2011-05-24 14:00:00,368.01250803322364
2011-05-24 15:00:00,263.8967019843305
2011-05-24 16:00:00,230.80116427595414
2011-05-24 17:00:00,274.2609488645972
2011-05-24 18:00:00,237.40168245641794
2011-05-24 19:00:00,209.5432164775658
2011-05-24 20:00:00,125.59947600615621
2011-05-24 21:00:00,124.80591613406588
2011-05-24 22:00:00,167.68097385313294
2011-05-24 23:00:00,225.87729366059622
2011-05-25 00:00:00,161.92080656869464
2011-05-25 01:00:00,158.50379891495282
2011-05-25 02:00:00,134.47016127095876
2011-05-25 03:00:00,26.38320873170836
2011-05-25 04:00:00,38.20947423466956
2011-05-25 05:00:00,101.29343449461165
2011-05-25 06:00:00,45.97767373730217
2011-05-25 07:00:00,204.89449709334343
2011-05-25 08:00:00,255.08113119882654
2011-05-25 09:00:00,184.32456611999206
2011-05-25 10:00:00,255.83801608782215
2011-05-25 11:00:00,313.55517076210054
2011-05-25 12:00:00,376.28062266252283
2011-05-25 13:00:00,376.28062266252283
2011-05-25 14:00:00,386.8623941236861
2011-05-25 15:00:00,377.9624342342151
2011-05-25 16:00:00,381.9107178427351
2011-05-25 17:00:00,388.74458321942694
2011-05-25 18:00:00,316.92741201650637
2011-05-25 19:00:00,295.32836650282525
2011-05-25 20:00:00,291.67603945934803
2011-05-25 21:00:00,222.20183086901932
2011-05-25 22:00:00,253.69509680200335
2011-05-25 23:00:00,228.78025333699185
2011-05-26 00:00:00,228.78025333699185
2011-05-26 01:00:00,228.78025333699185
2011-05-26 02:00:00,157.33530691512118
2011-05-26 03:00:00,104.3422451062133
2011-05-26 04:00:00,124.27287717579328
2011-05-26 05:00:00,163.2634662781949
2011-05-26 06:00:00,97.08711968484751
2011-05-26 07:00:00,165.37344815804568
2011-05-26 08:00:00,241.72563536498907
2011-05-26 09:00:00,237.42292864327675
2011-05-26 10:00:00,251.76948608974737
2011-05-26 11:00:00,265.1820106703299
2011-05-26 12:00:00,390.68964244798536
2011-05-26 13:00:00,386.4248781158416
2011-05-26 14:00:00,386.4248781158416
2011-05-26 15:00:00,328.27415482506154
2011-05-26 16:00:00,326.1527802683479
2011-05-26 17:00:00,344.31983417244027
2011-05-26 18:00:00,321.9126827029871
2011-05-26 19:00:00,329.7069860004284
2011-05-26 20:00:00,306.5181571476921
2011-05-26 21:00:00,251.7244478589755
2011-05-26 22:00:00,255.18983299539542
2011-05-26 23:00:00,256.97821697279056
2011-05-27 00:00:00,250.40712657734824
2011-05-27 01:00:00,308.90006876397746
2011-05-27 02:00:00,284.1863903361714
2011-05-27 03:00:00,186.75550814623648
2011-05-27 04:00:00,239.170490515121
2011-05-27 05:00:00,307.6133917284501
2011-05-27 06:00:00,182.80128321861815
2011-05-27 07:00:00,234.60299319814106
2011-05-27 08:00:00,246.12408445647384
2011-05-27 09:00:00,277.45891119205373
2011-05-27 10:00:00,324.1774264267704
2011-05-27 11:00:00,309.1983373771775
2011-05-27 12:00:00,294.73573161536694
2011-05-27 13:00:00,309.06317999834147
2011-05-27 14:00:00,395.52444780916494
2011-05-27 15:00:00,378.0502375930415
2011-05-27 16:00:00,278.19755985888054
2011-05-27 17:00:00,286.02180884433415
2011-05-27 18:00:00,241.55009306382726
2011-05-27 19:00:00,153.3605653784825
2011-05-27 20:00:00,243.67040174302727
2011-05-27 21:00:00,159.79930798245124
2011-05-27 22:00:00,151.5203367182157
2011-05-27 23:00:00,116.95186472430558
2011-05-28 00:00:00,76.50962214559168
2011-05-28 01:00:00,101.69391707344884
2011-05-28 02:00:00,50.56113255397818
2011-05-28 03:00:00,112.98393282702202
2011-05-28 04:00:00,131.78796601623404
2011-05-28 05:00:00,112.98393282702202
2011-05-28 06:00:00,168.27173535296603
2011-05-28 07:00:00,172.48092123016966
2011-05-28 08:00:00,131.71578878041242
2011-05-28 09:00:00,254.0662646741539
2011-05-28 10:00:00,259.51910360320494
2011-05-28 11:00:00,259.51910360320494
2011-05-28 12:00:00,346.0262046939997
2011-05-28 13:00:00,313.5748021266534
2011-05-28 14:00:00,324.4687587387609
2011-05-28 15:00:00,442.896238124742
2011-05-28 16:00:00,463.84062260862254
2011-05-28 17:00:00,466.56811007566364
2011-05-28 18:00:00,329.5061478487711
2011-05-28 19:00:00,240.3832658501426
2011-05-28 20:00:00,259.51910360320494
2011-05-28 21:00:00,307.06938903081635
2011-05-28 22:00:00,163.82235053717926
2011-05-28 23:00:00,132.11906988779532
2011-05-29 00:00:00,142.34676155131376
2011-05-29 01:00:00,91.99751084770114
2011-05-29 02:00:00,69.56991049991048
2011-05-29 03:00:00,69.56991049991048
2011-05-29 04:00:00,68.0464237227516
2011-05-29 05:00:00,45.507301128652315
2011-05-29 06:00:00,170.08629084180646
2011-05-29 07:00:00,166.07288293563875
2011-05-29 08:00:00,169.93866254089923
2011-05-29 09:00:00,121.44671067670056
2011-05-29 10:00:00,203.11094083022212
2011-05-29 11:00:00,220.1367664864668
2011-05-29 12:00:00,224.20191993398075
2011-05-29 13:00:00,273.396056689248
2011-05-29 14:00:00,270.8352577943938
2011-05-29 15:00:00,292.5282721988257
2011-05-29 16:00:00,270.8352577943938
2011-05-29 17:00:00,270.8352577943938
2011-05-29 18:00:00,236.94268052885542
2011-05-29 19:00:00,226.78968564876533
2011-05-29 20:00:00,163.2719439948863
2011-05-29 21:00:00,170.74879666567867
2011-05-29 22:00:00,65.87571877284418
2011-05-29 23:00:00,93.26995923705093
2011-05-30 00:00:00,76.05462701422849
2011-05-30 01:00:00,53.37324377885158
2011-05-30 02:00:00,76.05462701422849
2011-05-30 03:00:00,76.05462701422849
2011-05-30 04:00:00,84.9850191865223
2011-05-30 05:00:00,129.3096613286056
2011-05-30 06:00:00,134.45576161264398
2011-05-30 07:00:00,119.36404539289299
2011-05-30 08:00:00,180.9613773930923
2011-05-30 09:00:00,198.08774955680917
2011-05-30 10:00:00,516.0749396432353
2011-05-30 11:00:00,354.1930884583875
2011-05-30 12:00:00,384.6826393748525
2011-05-30 13:00:00,363.6302125991448
2011-05-30 14:00:00,407.15634559830846
2011-05-30 15:00:00,507.5813916773054
2011-05-30 16:00:00,508.46956630459056
2011-05-30 17:00:00,462.738577785907
2011-05-30 18:00:00,458.30668072773295
2011-05-30 19:00:00,137.35433613998435
2011-05-30 20:00:00,284.34152187524546
2011-05-30 21:00:00,291.8133808013675
2011-05-30 22:00:00,220.43888974596464
2011-05-30 23:00:00,84.33640355915912
2011-05-31 00:00:00,124.04801729573512
2011-05-31 01:00:00,38.68056665216953
2011-05-31 02:00:00,159.9434375287185
2011-05-31 03:00:00,152.2361791349132
2011-05-31 04:00:00,139.40247732014947
2011-05-31 05:00:00,139.40247732014947
2011-05-31 06:00:00,103.18473269201279
2011-05-31 07:00:00,232.1372715225967
2011-05-31 08:00:00,337.63532221205384
2011-05-31 09:00:00,422.74549853246356
2011-05-31 10:00:00,270.6111364542265
2011-05-31 11:00:00,241.4391948417524
2011-05-31 12:00:00,254.026213360848
2011-05-31 13:00:00,196.21486573061574
2011-05-31 14:00:00,183.6327413121103
2011-05-31 15:00:00,247.03865463137308
2011-05-31 16:00:00,165.47342215236205
2011-05-31 17:00:00,326.7031260809289
2011-05-31 18:00:00,328.902132657756
2011-05-31 19:00:00,297.6677030023612
2011-05-31 20:00:00,297.6677030023612
2011-05-31 21:00:00,269.54866652874495
2011-05-31 22:00:00,254.65618836665544
2011-05-31 23:00:00,138.87184474594574
2011-06-20 00:00:00,198.06999635361103
2011-06-20 01:00:00,97.44894253794129
2011-06-20 02:00:00,97.44894253794129
2011-06-20 03:00:00,152.51350969299392
2011-06-20 04:00:00,167.01609203305784
2011-06-20 05:00:00,142.85713796199892
2011-06-20 06:00:00,140.3738119028599
2011-06-20 07:00:00,132.56955108905765
2011-06-20 08:00:00,138.63781222489865
2011-06-20 09:00:00,207.44189951472572
2011-06-20 10:00:00,207.44189951472572
2011-06-20 11:00:00,196.6363484722857
2011-06-20 12:00:00,259.4732089857602
2011-06-20 13:00:00,250.39390016932188
2011-06-20 14:00:00,242.37540242515408
2011-06-20 15:00:00,264.32892341718275
2011-06-20 16:00:00,289.73651502668116
2011-06-20 17:00:00,263.3319500554812
2011-06-20 18:00:00,310.44707485058166
2011-06-20 19:00:00,257.3524531650587
2011-06-20 20:00:00,234.7426082086323
2011-06-20 21:00:00,234.60299319814106
2011-06-20 22:00:00,280.07990668403085
2011-06-20 23:00:00,227.14323285979313
2011-06-21 00:00:00,144.06163149581397
2011-06-21 01:00:00,175.80420736216809
2011-06-21 02:00:00,147.08323847898865
2011-06-21 03:00:00,147.08323847898865
2011-06-21 04:00:00,152.87677580546034
2011-06-21 05:00:00,138.17673759344277
2011-06-21 06:00:00,138.17673759344277
2011-06-21 07:00:00,64.38059227244062
2011-06-21 08:00:00,161.57642314671335
2011-06-21 09:00:00,165.45354914922592
2011-06-21 10:00:00,183.70667922339126
2011-06-21 11:00:00,148.0581789263117
2011-06-21 12:00:00,181.6279510261339
2011-06-21 13:00:00,262.43098613748947
2011-06-21 14:00:00,378.3289672290746
2011-06-21 15:00:00,365.9375785035148
2011-06-21 16:00:00,361.33480949229045
2011-06-21 17:00:00,342.9985131135803
2011-06-21 18:00:00,350.81247128267927
2011-06-21 19:00:00,263.06400646081016
2011-06-21 20:00:00,315.3597203882085
2011-06-21 21:00:00,214.23520589833976
2011-06-21 22:00:00,128.18715428604926
2011-06-21 23:00:00,153.11509490175231
2011-06-22 00:00:00,149.43470830537555
2011-06-22 01:00:00,126.53536474906797
2011-06-22 02:00:00,99.40923270507898
2011-06-22 03:00:00,126.53536474906797
2011-06-22 04:00:00,75.80043955263882
2011-06-22 05:00:00,66.54239296905492
2011-06-22 06:00:00,86.30360367758261
2011-06-22 07:00:00,116.14137670578768
2011-06-22 08:00:00,202.04702449604974
2011-06-22 09:00:00,199.2891921390946
2011-06-22 10:00:00,297.06695725605493
2011-06-22 11:00:00,261.5854890669625
2011-06-22 12:00:00,321.5801039750262
2011-06-22 13:00:00,285.9782590828859
2011-06-22 14:00:00,354.73092722876424
2011-06-22 15:00:00,286.26783595869824
2011-06-22 16:00:00,394.84877906058136
2011-06-22 17:00:00,377.2014723013799
2011-06-22 18:00:00,355.57029428900546
2011-06-22 19:00:00,309.3860405956302
2011-06-22 20:00:00,227.95634698883268
2011-06-22 21:00:00,220.30053209946385
2011-06-22 22:00:00,220.9534677041212
2011-06-22 23:00:00,228.30773950863937
2011-06-23 00:00:00,207.32230388276827
2011-06-23 01:00:00,230.02368784395512
2011-06-23 02:00:00,230.02368784395512
2011-06-23 03:00:00,229.73671235063796
2011-06-23 04:00:00,199.21630589239086
2011-06-23 05:00:00,221.7049290482035
2011-06-23 06:00:00,221.7049290482035
2011-06-23 07:00:00,231.82074939522155
2011-06-23 08:00:00,268.7905920216193
2011-06-23 09:00:00,269.67696085219063
2011-06-23 10:00:00,380.3488834456772
2011-06-23 11:00:00,529.0560264288578
2011-06-23 12:00:00,351.79392797400635
2011-06-23 13:00:00,390.5953729491655
2011-06-23 14:00:00,379.8215474664278
2011-06-23 15:00:00,253.48767110908847
2011-06-23 16:00:00,277.06414326505114
2011-06-23 17:00:00,224.09704528540527
2011-06-23 18:00:00,230.12999644044538
2011-06-23 19:00:00,256.0103302285134
2011-06-23 20:00:00,194.13456787710766
2011-06-23 21:00:00,179.19919291246916
2011-06-23 22:00:00,234.51211559926452
2011-06-23 23:00:00,214.5553973169641
2011-06-24 00:00:00,129.9637404095098
2011-06-24 01:00:00,185.2065470789089
2011-06-24 02:00:00,185.2065470789089
2011-06-24 03:00:00,148.0581789263117
2011-06-24 04:00:00,92.30277730883583
2011-06-24 05:00:00,72.83347335904945
2011-06-24 06:00:00,115.46102100212025
2011-06-24 07:00:00,198.42697608393166
2011-06-24 08:00:00,194.13456787710766
2011-06-24 09:00:00,291.5562646429295
2011-06-24 10:00:00,293.2180716337052
2011-06-24 11:00:00,359.4933987855469
2011-06-24 12:00:00,323.4278063093294
2011-06-24 13:00:00,410.80680443572203
2011-06-24 14:00:00,363.861698266703
2011-06-24 15:00:00,237.19330393656486
2011-06-24 16:00:00,229.5131153568209
2011-06-24 17:00:00,401.75771903710256
2011-06-24 18:00:00,366.2440458701097
2011-06-24 19:00:00,402.3089649905297
2011-06-24 20:00:00,359.5365726891889
2011-06-24 21:00:00,317.8058850968904
2011-06-24 22:00:00,251.51402979054913
2011-06-24 23:00:00,250.2481757921521
2011-06-25 00:00:00,381.08984932521224
2011-06-25 01:00:00,333.35288577565535
2011-06-25 02:00:00,317.1120119842858
2011-06-25 03:00:00,235.21531386286034
2011-06-25 04:00:00,235.21531386286034
2011-06-25 05:00:00,178.83332412041773
2011-06-25 06:00:00,255.52296075374556
2011-06-25 07:00:00,292.7471268384828
2011-06-25 08:00:00,412.6733540920794
2011-06-25 09:00:00,466.3785873415929
2011-06-25 10:00:00,439.3565865164838
2011-06-25 11:00:00,450.5028925291876
2011-06-25 12:00:00,540.4756023667712
2011-06-25 13:00:00,540.4756023667712
2011-06-25 14:00:00,459.6014329564629
2011-06-25 15:00:00,387.7955288051066
2011-06-25 16:00:00,502.3088507792605
2011-06-25 17:00:00,510.9782767771178
2011-06-25 18:00:00,466.3785873415929
2011-06-25 19:00:00,426.3316015440887
2011-06-25 20:00:00,382.9661063273145
2011-06-25 21:00:00,309.80054617877045
2011-06-25 22:00:00,392.1166765048705
2011-06-25 23:00:00,351.65403974308856
2011-06-26 00:00:00,209.98868912199444
2011-06-26 01:00:00,234.34215225866308
2011-06-26 02:00:00,193.25638310999142
2011-06-26 03:00:00,186.61366222948269
2011-06-26 04:00:00,187.05988242739755
2011-06-26 05:00:00,199.47485069752062
2011-06-26 06:00:00,199.47485069752062
2011-06-26 07:00:00,158.70236151070733
2011-06-26 08:00:00,196.3322502490375
2011-06-26 09:00:00,213.0405841260738
2011-06-26 10:00:00,348.4589606630442
2011-06-26 11:00:00,403.59004097079634
2011-06-26 12:00:00,513.0492422787336
2011-06-26 13:00:00,459.56398520088317
2011-06-26 14:00:00,487.1509633484408
2011-06-26 15:00:00,459.56398520088317
2011-06-26 16:00:00,518.840200817579
2011-06-26 17:00:00,421.5511313325406
2011-06-26 18:00:00,404.51797392053015
2011-06-26 19:00:00,320.3557539897191
2011-06-26 20:00:00,261.3030773094232
2011-06-26 21:00:00,205.61005381759838
2011-06-26 22:00:00,313.980056965077
2011-06-26 23:00:00,273.6633972073279
2011-06-27 00:00:00,216.35712074500162
2011-06-27 01:00:00,181.15528827628535
2011-06-27 02:00:00,159.86870270962757
2011-06-27 03:00:00,159.86870270962757
2011-06-27 04:00:00,179.93461227418683
2011-06-27 05:00:00,184.3296024384743
2011-06-27 06:00:00,202.43725101150133
2011-06-27 07:00:00,229.96811611179822
2011-06-27 08:00:00,129.7308513780025
2011-06-27 09:00:00,235.66380138245904
2011-06-27 10:00:00,249.34306739499735
2011-06-27 11:00:00,242.04924243292172
2011-06-27 12:00:00,235.66380138245904
2011-06-27 13:00:00,230.12177671902063
2011-06-27 14:00:00,191.13463459285333
2011-06-27 15:00:00,266.85060163430796
2011-06-27 16:00:00,281.0940659424339
2011-06-27 17:00:00,312.23095894775764
2011-06-27 18:00:00,213.80002691862967
2011-06-27 19:00:00,274.0766884950727
2011-06-27 20:00:00,202.44642162552782
2011-06-27 21:00:00,189.29721940083243
2011-06-27 22:00:00,86.3339074926891
2011-06-27 23:00:00,86.3339074926891
2011-06-28 00:00:00,194.05096160389397
2011-06-28 01:00:00,70.35685452263802
2011-06-28 02:00:00,135.41116276394513
2011-06-28 03:00:00,135.41116276394513
2011-06-28 04:00:00,70.35685452263802
2011-06-28 05:00:00,99.40923270507898
2011-06-28 06:00:00,148.0581789263117
2011-06-28 07:00:00,117.03469298677896
2011-06-28 08:00:00,160.0062345518457
2011-06-28 09:00:00,175.57869401984837
2011-06-28 10:00:00,339.26223404524933
2011-06-28 11:00:00,272.0037964459517
2011-06-28 12:00:00,330.0855656812853
2011-06-28 13:00:00,263.25975721129856
2011-06-28 14:00:00,298.8565779857534
2011-06-28 15:00:00,366.06524765058236
2011-06-28 16:00:00,297.36428138864665
2011-06-28 17:00:00,329.4788146842669
2011-06-28 18:00:00,457.1145738757422
2011-06-28 19:00:00,220.32993126440806
2011-06-28 20:00:00,189.65263090482358
2011-06-28 21:00:00,293.9381945210911
2011-06-28 22:00:00,241.6691539885089
2011-06-28 23:00:00,229.09609908334699
2011-06-29 00:00:00,179.15438775520005
2011-06-29 01:00:00,172.23244330247968
2011-06-29 02:00:00,151.4695411217102
2011-06-29 03:00:00,190.884814544284
2011-06-29 04:00:00,124.91118335997301
2011-06-29 05:00:00,127.50699989963944
2011-06-29 06:00:00,178.11035996410277
2011-06-29 07:00:00,306.5960006372048
2011-06-29 08:00:00,337.4749797318906
2011-06-29 09:00:00,341.87725320610195
2011-06-29 10:00:00,397.2390159980229
2011-06-29 11:00:00,371.8122419444194
2011-06-29 12:00:00,379.34309811245737
2011-06-29 13:00:00,303.7984514832525
2011-06-29 14:00:00,368.25679235046965
2011-06-29 15:00:00,417.1769537183072
2011-06-29 16:00:00,230.83392297438803
2011-06-29 17:00:00,226.63192378440766
2011-06-29 18:00:00,311.84311714064063
2011-06-29 19:00:00,315.0765069862308
2011-06-29 20:00:00,383.7560088709108
2011-06-29 21:00:00,412.15286577613756
2011-06-29 22:00:00,410.8572936924081
2011-06-29 23:00:00,304.7704164510555
2011-06-30 00:00:00,265.9491839176775
2011-06-30 01:00:00,223.870777676662
2011-06-30 02:00:00,199.20953082889235
2011-06-30 03:00:00,242.79815452526915
2011-06-30 04:00:00,257.4543757901597
2011-06-30 05:00:00,253.1912700068084
2011-06-30 06:00:00,249.17273201538507
2011-06-30 07:00:00,245.24406062971389
2011-06-30 08:00:00,316.0506625703415
2011-06-30 09:00:00,380.283511903176
2011-06-30 10:00:00,433.6412588178875
2011-06-30 11:00:00,360.11671795498864
2011-06-30 12:00:00,365.0056261437783
2011-06-30 13:00:00,347.79294827406727
2011-06-30 14:00:00,346.9377204376543
2011-06-30 15:00:00,373.03735967071657
2011-06-30 16:00:00,364.1319335305248
2011-06-30 17:00:00,250.51859710927346
2011-06-30 18:00:00,361.17981104717813
2011-06-30 19:00:00,351.8710816980656
2011-06-30 20:00:00,351.8710816980656
2011-06-30 21:00:00,356.0857475739298
2011-06-30 22:00:00,401.1774946085013
2011-06-30 23:00:00,162.19777042113543
2011-07-20 00:00:00,98.4978218077596
2011-07-20 01:00:00,74.98073896838184
2011-07-20 02:00:00,74.98073896838184
2011-07-20 03:00:00,98.4978218077596
2011-07-20 04:00:00,45.86566703323435
2011-07-20 05:00:00,90.20564124928316
2011-07-20 06:00:00,118.20317332085767
2011-07-20 07:00:00,168.44975171319487
2011-07-20 08:00:00,209.50149911689414
2011-07-20 09:00:00,193.1879209990262
2011-07-20 10:00:00,255.62850227768476
2011-07-20 11:00:00,293.31916098340815
2011-07-20 12:00:00,291.62021513392546
2011-07-20 13:00:00,191.3117318498802
2011-07-20 14:00:00,205.7553409559507
2011-07-20 15:00:00,216.6425277998662
2011-07-20 16:00:00,191.66340131547292
2011-07-20 17:00:00,222.5013626029375
2011-07-20 18:00:00,234.78300491539474
2011-07-20 19:00:00,221.8184936538117
2011-07-20 20:00:00,321.3534851110819
2011-07-20 21:00:00,361.13464123551967
2011-07-20 22:00:00,331.4001935333249
2011-07-20 23:00:00,486.78183912999174
2011-07-21 00:00:00,456.3221170502977
2011-07-21 01:00:00,347.88414554462594
2011-07-21 02:00:00,347.88414554462594
2011-07-21 03:00:00,230.8146177632849
2011-07-21 04:00:00,187.6638296047782
2011-07-21 05:00:00,187.6638296047782
2011-07-21 06:00:00,187.6638296047782
2011-07-21 07:00:00,334.8673856617983
2011-07-21 08:00:00,374.56662802273
2011-07-21 09:00:00,378.06341888609387
2011-07-21 10:00:00,303.84397797889415
2011-07-21 11:00:00,286.52315866022167
2011-07-21 12:00:00,251.46582050627
2011-07-21 13:00:00,216.57887339709765
2011-07-21 14:00:00,234.52219610511884
2011-07-21 15:00:00,233.5389866725843
2011-07-21 16:00:00,228.67428064256154
2011-07-21 17:00:00,220.3753715217618
2011-07-21 18:00:00,212.1631090857958
2011-07-21 19:00:00,216.6720456385837
2011-07-21 20:00:00,250.08547326711079
2011-07-21 21:00:00,278.3853678605397
2011-07-21 22:00:00,250.01954180978916
2011-07-21 23:00:00,313.91462697228917
2011-07-22 00:00:00,255.53981995244413
2011-07-22 01:00:00,293.2153119639133
2011-07-22 02:00:00,319.4141122119746
2011-07-22 03:00:00,305.61412064632077
2011-07-22 04:00:00,349.11323944219015
2011-07-22 05:00:00,187.27677334133713
2011-07-22 06:00:00,332.03970367483845
2011-07-22 07:00:00,329.7244885493085
2011-07-22 08:00:00,268.83711077838615
2011-07-22 09:00:00,179.0726915800445
2011-07-22 10:00:00,170.8568144573712
2011-07-22 11:00:00,167.29040420520408
2011-07-22 12:00:00,182.7858451714428
2011-07-22 13:00:00,186.43635253500761
2011-07-22 14:00:00,204.65428221258253
2011-07-22 15:00:00,198.46051257271665
2011-07-22 16:00:00,378.94842035747894
2011-07-22 17:00:00,175.94080780655645
2011-07-22 18:00:00,325.60500257975286
2011-07-22 19:00:00,391.4152451746393
2011-07-22 20:00:00,191.66340131547292
2011-07-22 21:00:00,262.9357139911274
2011-07-22 22:00:00,263.1350726739973
2011-07-22 23:00:00,355.1461652138088
2011-07-23 00:00:00,219.73682709379608
2011-07-23 01:00:00,290.9938283566871
2011-07-23 02:00:00,320.48034132503176
2011-07-23 03:00:00,187.65968013510522
2011-07-23 04:00:00,272.5035850050683
2011-07-23 05:00:00,319.6672596546837
2011-07-23 06:00:00,320.5487740515092
2011-07-23 07:00:00,311.4672591723893
2011-07-23 08:00:00,404.47137637231765
2011-07-23 09:00:00,362.19237678564406
2011-07-23 10:00:00,435.06488808420545
2011-07-23 11:00:00,383.0962565677097
2011-07-23 12:00:00,295.73962358950007
2011-07-23 13:00:00,303.46555868768417
2011-07-23 14:00:00,356.161081486384
2011-07-23 15:00:00,296.1628805075882
2011-07-23 16:00:00,265.54059023678457
2011-07-23 17:00:00,265.54059023678457
2011-07-23 18:00:00,348.2461981548505
2011-07-23 19:00:00,297.86072510342564
2011-07-23 20:00:00,312.2315581799438
2011-07-23 21:00:00,312.2315581799438
2011-07-23 22:00:00,305.6361453959676
2011-07-23 23:00:00,231.53794318733455
2011-07-24 00:00:00,231.53794318733455
2011-07-24 01:00:00,148.10571881794255
2011-07-24 02:00:00,223.1175745104454
2011-07-24 03:00:00,223.1175745104454
2011-07-24 04:00:00,148.10571881794255
2011-07-24 05:00:00,187.65968013510522
2011-07-24 06:00:00,327.829286692919
2011-07-24 07:00:00,264.62963803048245
2011-07-24 08:00:00,317.1798017626469
2011-07-24 09:00:00,355.5940214098891
2011-07-24 10:00:00,405.210668639887
2011-07-24 11:00:00,356.32243100252606
2011-07-24 12:00:00,268.8987714579542
2011-07-24 13:00:00,376.4419849555051
2011-07-24 14:00:00,336.1959277297724
2011-07-24 15:00:00,366.55742300268287
2011-07-24 16:00:00,366.55742300268287
2011-07-24 17:00:00,311.76921541617025
2011-07-24 18:00:00,345.2467153414462
2011-07-24 19:00:00,367.8687770656649
2011-07-24 20:00:00,362.19237678564406
2011-07-24 21:00:00,243.22314070970498
2011-07-24 22:00:00,191.0337871298139
2011-07-24 23:00:00,378.8581198689486
2011-07-25 00:00:00,400.50403808491876
2011-07-25 01:00:00,400.5275852266118
2011-07-25 02:00:00,262.36253066347956
2011-07-25 03:00:00,191.44987216210714
2011-07-25 04:00:00,157.0816610132217
2011-07-25 05:00:00,157.0816610132217
2011-07-25 06:00:00,211.54988508653082
2011-07-25 07:00:00,320.8032063774044
2011-07-25 08:00:00,416.6109869790936
2011-07-25 09:00:00,351.38514253662464
2011-07-25 10:00:00,291.62021513392546
2011-07-25 11:00:00,239.4197019578596
2011-07-25 12:00:00,239.4197019578596
2011-07-25 13:00:00,270.09504639067046
2011-07-25 14:00:00,220.9534677041212
2011-07-25 15:00:00,191.00939830457511
2011-07-25 16:00:00,134.4930637989744
2011-07-25 17:00:00,143.85086123098483
2011-07-25 18:00:00,215.7852753452442
2011-07-25 19:00:00,193.1879209990262
2011-07-25 20:00:00,209.4206816889822
2011-07-25 21:00:00,74.98073896838184
2011-07-25 22:00:00,74.98073896838184
2011-07-25 23:00:00,70.3769433190439
2011-07-26 00:00:00,128.18715428604926
2011-07-26 01:00:00,128.18715428604926
2011-07-26 02:00:00,74.18951788194907
2011-07-26 03:00:00,67.41179881277965
2011-07-26 04:00:00,108.46887332945097
2011-07-26 05:00:00,76.70984725239272
2011-07-26 06:00:00,128.00434738001974
2011-07-26 07:00:00,254.77808691260884
2011-07-26 08:00:00,325.27204851416406
2011-07-26 09:00:00,428.45941377941244
2011-07-26 10:00:00,367.9484483900261
2011-07-26 11:00:00,366.07765793136264
2011-07-26 12:00:00,380.30753516972504
2011-07-26 13:00:00,279.0379331914783
2011-07-26 14:00:00,263.21327893190266
2011-07-26 15:00:00,192.5665132399817
2011-07-26 16:00:00,353.7655492991171
2011-07-26 17:00:00,298.4179724615917
2011-07-26 18:00:00,217.15343824788138
2011-07-26 19:00:00,249.30252859898593
2011-07-26 20:00:00,324.4372247073022
2011-07-26 21:00:00,349.0820514858947
2011-07-26 22:00:00,297.2527630506522
2011-07-26 23:00:00,254.3223363266795
2011-07-27 00:00:00,218.22909812460296
2011-07-27 01:00:00,338.1260167273788
2011-07-27 02:00:00,322.3027146700882
2011-07-27 03:00:00,256.04816066373985
2011-07-27 04:00:00,339.9609283585718
2011-07-27 05:00:00,310.33103509015723
2011-07-27 06:00:00,306.5960006372048
2011-07-27 07:00:00,369.504951389768
2011-07-27 08:00:00,413.42891163330955
2011-07-27 09:00:00,379.34309811245737
2011-07-27 10:00:00,238.96904010704628
2011-07-27 11:00:00,267.53650744438073
2011-07-27 12:00:00,365.80723705910293
2011-07-27 13:00:00,189.3524290639598
2011-07-27 14:00:00,319.73711165473077
2011-07-27 15:00:00,333.45845978665113
2011-07-27 16:00:00,374.44386601178155
2011-07-27 17:00:00,395.6512663356173
2011-07-27 18:00:00,416.2832878223163
2011-07-27 19:00:00,303.1881802699615
2011-07-27 20:00:00,398.1661774021328
2011-07-27 21:00:00,294.29148927920033
2011-07-27 22:00:00,245.7122137834956
2011-07-27 23:00:00,281.8031239017149
2011-07-28 00:00:00,302.1336824960877
2011-07-28 01:00:00,225.89021265608594
2011-07-28 02:00:00,251.51189789765698
2011-07-28 03:00:00,190.26741501685365
2011-07-28 04:00:00,219.78497292634646
2011-07-28 05:00:00,202.44642162552782
2011-07-28 06:00:00,138.25628973048373
2011-07-28 07:00:00,220.64600079855865
2011-07-28 08:00:00,262.43098613748947
2011-07-28 09:00:00,346.2008407290292
2011-07-28 10:00:00,378.6029511646672
2011-07-28 11:00:00,200.45598632494782
2011-07-28 12:00:00,300.4513373873126
2011-07-28 13:00:00,310.58159381270514
2011-07-28 14:00:00,352.5924117295722
2011-07-28 15:00:00,201.67646103711957
2011-07-28 16:00:00,287.58643405892064
2011-07-28 17:00:00,301.47592643805274
2011-07-28 18:00:00,199.4698417724774
2011-07-28 19:00:00,308.4827999040945
2011-07-28 20:00:00,355.1461652138088
2011-07-28 21:00:00,340.0219101833068
2011-07-28 22:00:00,385.5074480171413
2011-07-28 23:00:00,458.1996446208798
2011-07-29 00:00:00,220.30053209946385
2011-07-29 01:00:00,186.015579061193
2011-07-29 02:00:00,191.44987216210714
2011-07-29 03:00:00,191.44987216210714
2011-07-29 04:00:00,139.91198570239186
2011-07-29 05:00:00,125.81225979975821
2011-07-29 06:00:00,235.38674340822274
2011-07-29 07:00:00,262.36253066347956
2011-07-29 08:00:00,425.3888963998968
2011-07-29 09:00:00,310.58159381270514
2011-07-29 10:00:00,223.64729294956675
2011-07-29 11:00:00,198.56722341158442
2011-07-29 12:00:00,168.08008462941578
2011-07-29 13:00:00,290.79885499139164
2011-07-29 14:00:00,206.46934326634636
2011-07-29 15:00:00,208.41660240732944
2011-07-29 16:00:00,149.65477255931086
2011-07-29 17:00:00,151.1469398974117
2011-07-29 18:00:00,210.21273917375956
2011-07-29 19:00:00,220.60946284818868
2011-07-29 20:00:00,254.89210385599603
2011-07-29 21:00:00,319.27765082390283
2011-07-29 22:00:00,352.9338842899389
2011-07-29 23:00:00,247.3815671689459
2011-07-30 00:00:00,352.45141189111405
2011-07-30 01:00:00,299.2368419706949
2011-07-30 02:00:00,303.787123819611
2011-07-30 03:00:00,283.06435644174826
2011-07-30 04:00:00,226.7523254202423
2011-07-30 05:00:00,227.70869394523956
2011-07-30 06:00:00,234.6128202613655
2011-07-30 07:00:00,312.28674565371983
2011-07-30 08:00:00,333.83691017362975
2011-07-30 09:00:00,396.6893022386012
2011-07-30 10:00:00,390.6355664799378
2011-07-30 11:00:00,405.7419083242676
2011-07-30 12:00:00,459.013543478781
2011-07-30 13:00:00,346.2972481413533
2011-07-30 14:00:00,347.44707745716414
2011-07-30 15:00:00,364.88433618903866
2011-07-30 16:00:00,353.4435577706115
2011-07-30 17:00:00,341.7473487792372
2011-07-30 18:00:00,352.95554464272607
2011-07-30 19:00:00,500.1244183727899
2011-07-30 20:00:00,351.04864257575656
2011-07-30 21:00:00,383.76219265176144
2011-07-30 22:00:00,261.76808126324454
2011-07-30 23:00:00,299.2368419706949
2011-07-31 00:00:00,299.2368419706949
2011-07-31 01:00:00,275.43407707326304
2011-07-31 02:00:00,255.0295462642425
2011-07-31 03:00:00,253.0527544655456
2011-07-31 04:00:00,176.47085109395758
2011-07-31 05:00:00,171.2765217433774
2011-07-31 06:00:00,252.62018102407131
2011-07-31 07:00:00,264.51993358097997
2011-07-31 08:00:00,381.0666036761841
2011-07-31 09:00:00,387.58871831308124
2011-07-31 10:00:00,400.99734449799854
2011-07-31 11:00:00,399.9045595233835
2011-07-31 12:00:00,345.64097193040647
2011-07-31 13:00:00,353.39365958870053
2011-07-31 14:00:00,373.91322163648834
2011-07-31 15:00:00,384.4320308258256
2011-07-31 16:00:00,391.0188426148188
2011-07-31 17:00:00,412.1447176928475
2011-07-31 18:00:00,428.86454287229753
2011-07-31 19:00:00,428.8403814771025
2011-07-31 20:00:00,428.8403814771025
2011-07-31 21:00:00,356.4936916041003
2011-07-31 22:00:00,260.43823561364434
2011-07-31 23:00:00,285.6599840517381
2011-08-20 00:00:00,45.468404406673145
2011-08-20 01:00:00,45.8628827267834
2011-08-20 02:00:00,57.019701921698726
2011-08-20 03:00:00,57.019701921698726
2011-08-20 04:00:00,107.99473018702247
2011-08-20 05:00:00,57.99023723518755
2011-08-20 06:00:00,119.12806075025374
2011-08-20 07:00:00,45.8628827267834
2011-08-20 08:00:00,107.7799352794643
2011-08-20 09:00:00,219.47734777744017
2011-08-20 10:00:00,245.51255435806942
2011-08-20 11:00:00,221.593638040039
2011-08-20 12:00:00,264.51993358097997
2011-08-20 13:00:00,325.19989467816544
2011-08-20 14:00:00,388.6112788941875
2011-08-20 15:00:00,390.4597048165524
2011-08-20 16:00:00,365.95905275985626
2011-08-20 17:00:00,388.6112788941875
2011-08-20 18:00:00,313.6730332195426
2011-08-20 19:00:00,280.814340208508
2011-08-20 20:00:00,304.1659885435332
2011-08-20 21:00:00,228.54051471646142
2011-08-20 22:00:00,208.74503592626832
2011-08-20 23:00:00,127.63021066850274
2011-08-21 00:00:00,141.35447360267978
2011-08-21 01:00:00,110.60639735621085
2011-08-21 02:00:00,97.45655502007386
2011-08-21 03:00:00,82.06939457112526
2011-08-21 04:00:00,100.88281702361814
2011-08-21 05:00:00,68.65480520846954
2011-08-21 06:00:00,70.16688128519914
2011-08-21 07:00:00,132.38072428146768
2011-08-21 08:00:00,134.32084448393886
2011-08-21 09:00:00,199.26599049346746
2011-08-21 10:00:00,190.66390584828196
2011-08-21 11:00:00,345.42900479842524
2011-08-21 12:00:00,346.25864609176506
2011-08-21 13:00:00,376.10313381172597
2011-08-21 14:00:00,229.96556542964623
2011-08-21 15:00:00,104.43353322577545
2011-08-21 16:00:00,170.50684445562325
2011-08-21 17:00:00,143.60515829209942
2011-08-21 18:00:00,174.82324465900712
2011-08-21 19:00:00,232.22257874367145
2011-08-21 20:00:00,144.49357238354244
2011-08-21 21:00:00,144.49357238354244
2011-08-21 22:00:00,194.8005763971769
2011-08-21 23:00:00,144.57446968440394
2011-08-22 00:00:00,136.17489112447075
2011-08-22 01:00:00,54.8002883759047
2011-08-22 02:00:00,241.26058227656512
2011-08-22 03:00:00,225.930836278495
2011-08-22 04:00:00,217.4110635671268
2011-08-22 05:00:00,218.19740942045067
2011-08-22 06:00:00,213.67015172992527
2011-08-22 07:00:00,216.462268913732
2011-08-22 08:00:00,216.462268913732
2011-08-22 09:00:00,271.8492551370234
2011-08-22 10:00:00,337.4749797318906
2011-08-22 11:00:00,425.93678007756665
2011-08-22 12:00:00,360.54577355371646
2011-08-22 13:00:00,292.3863109216135
2011-08-22 14:00:00,297.28009308045574
2011-08-22 15:00:00,345.7965682551602
2011-08-22 16:00:00,297.28009308045574
2011-08-22 17:00:00,294.2812021476443
2011-08-22 18:00:00,392.17340112729346
2011-08-22 19:00:00,398.5058166850904
2011-08-22 20:00:00,453.8455121205999
2011-08-22 21:00:00,442.65041742410705
2011-08-22 22:00:00,457.1725534306256
2011-08-22 23:00:00,363.5759791780765
2011-08-23 00:00:00,392.24067134669417
2011-08-23 01:00:00,310.14456063523653
2011-08-23 02:00:00,234.42837794671948
2011-08-23 03:00:00,239.08919341512285
2011-08-23 04:00:00,210.51810794734723
2011-08-23 05:00:00,196.21243200029087
2011-08-23 06:00:00,203.61126366990257
2011-08-23 07:00:00,280.1420255969419
2011-08-23 08:00:00,139.5510194439606
2011-08-23 09:00:00,224.59586790682658
2011-08-23 10:00:00,338.70670309312817
2011-08-23 11:00:00,349.57717291148936
2011-08-23 12:00:00,322.1629448197196
2011-08-23 13:00:00,384.76328863195357
2011-08-23 14:00:00,389.00384998823824
2011-08-23 15:00:00,406.41340706950507
2011-08-23 16:00:00,405.7773985436186
2011-08-23 17:00:00,406.41340706950507
2011-08-23 18:00:00,420.89603000229624
2011-08-23 19:00:00,281.5257020345746
2011-08-23 20:00:00,257.09932470145174
2011-08-23 21:00:00,114.43929395072666
2011-08-23 22:00:00,199.20953082889235
2011-08-23 23:00:00,244.7008158133943
2011-08-24 00:00:00,199.20953082889235
2011-08-24 01:00:00,234.10978518588215
2011-08-24 02:00:00,217.33881519467562
2011-08-24 03:00:00,217.33881519467562
2011-08-24 04:00:00,156.4811074412015
2011-08-24 05:00:00,156.4811074412015
2011-08-24 06:00:00,143.13188477455594
2011-08-24 07:00:00,205.01189185026612
2011-08-24 08:00:00,181.7823572452315
2011-08-24 09:00:00,221.45939042565
2011-08-24 10:00:00,256.09257024610486
2011-08-24 11:00:00,280.64912933454167
2011-08-24 12:00:00,319.5188601020299
2011-08-24 13:00:00,292.6914408938117
2011-08-24 14:00:00,292.6914408938117
2011-08-24 15:00:00,304.7590795055007
2011-08-24 16:00:00,287.2320142699701
2011-08-24 17:00:00,305.2767859264613
2011-08-24 18:00:00,321.3522164350585
2011-08-24 19:00:00,321.3522164350585
2011-08-24 20:00:00,254.89052751175674
2011-08-24 21:00:00,258.88216360615354
2011-08-24 22:00:00,260.145401182363
2011-08-24 23:00:00,196.82121917176863
2011-08-25 00:00:00,195.46805026511745
2011-08-25 01:00:00,203.30367395189242
2011-08-25 02:00:00,203.30367395189242
2011-08-25 03:00:00,165.12577786670374
2011-08-25 04:00:00,213.1977622858436
2011-08-25 05:00:00,220.29234242642767
2011-08-25 06:00:00,185.2065470789089
2011-08-25 07:00:00,167.98625991018218
2011-08-25 08:00:00,210.7807832193072
2011-08-25 09:00:00,224.84721241187603
2011-08-25 10:00:00,295.990647973353
2011-08-25 11:00:00,311.31441705081886
2011-08-25 12:00:00,311.31441705081886
2011-08-25 13:00:00,128.18715428604926
2011-08-25 14:00:00,251.33728520485363
2011-08-25 15:00:00,287.8747942451046
2011-08-25 16:00:00,125.81225979975821
2011-08-25 17:00:00,125.81225979975821
2011-08-25 18:00:00,169.77241944184925
2011-08-25 19:00:00,204.3978324776275
2011-08-25 20:00:00,204.8163920533006
2011-08-25 21:00:00,182.2853002961897
2011-08-25 22:00:00,81.24922151016906
2011-08-25 23:00:00,87.29149339770566
2011-08-26 00:00:00,104.62258114456898
2011-08-26 01:00:00,81.24922151016906
2011-08-26 02:00:00,96.09428496292274
2011-08-26 03:00:00,97.92090377908505
2011-08-26 04:00:00,72.67384024300478
2011-08-26 05:00:00,122.05632500134108
2011-08-26 06:00:00,72.67384024300478
2011-08-26 07:00:00,75.80043955263882
2011-08-26 08:00:00,124.91118335997301
2011-08-26 09:00:00,136.24129768172048
2011-08-26 10:00:00,192.71101199655013
2011-08-26 11:00:00,377.3950203808116
2011-08-26 12:00:00,369.37329021582605
2011-08-26 13:00:00,304.6795883571796
2011-08-26 14:00:00,251.45901903616507
2011-08-26 15:00:00,300.56970266942926
2011-08-26 16:00:00,316.6813551042841
2011-08-26 17:00:00,296.1552749724261
2011-08-26 18:00:00,270.09504639067046
2011-08-26 19:00:00,176.32506344552607
2011-08-26 20:00:00,141.3958119502994
2011-08-26 21:00:00,199.2891921390946
2011-08-26 22:00:00,176.32506344552607
2011-08-26 23:00:00,70.3769433190439
2011-08-27 00:00:00,85.21015210844865
2011-08-27 01:00:00,112.81542510263455
2011-08-27 02:00:00,97.39509114500754
2011-08-27 03:00:00,161.9914201195852
2011-08-27 04:00:00,161.9914201195852
2011-08-27 05:00:00,135.7536032332149
2011-08-27 06:00:00,135.7536032332149
2011-08-27 07:00:00,165.27656112970882
2011-08-27 08:00:00,141.05566106182147
2011-08-27 09:00:00,167.88757607188117
2011-08-27 10:00:00,226.82944592699823
2011-08-27 11:00:00,106.74007132722747
2011-08-27 12:00:00,171.9766071037436
2011-08-27 13:00:00,156.9396995034332
2011-08-27 14:00:00,200.88857089885067
2011-08-27 15:00:00,200.88857089885067
2011-08-27 16:00:00,189.71383245132589
2011-08-27 17:00:00,88.07541550923816
2011-08-28 07:00:00,116.7142652375517
2011-08-28 08:00:00,113.59531786074054
2011-08-28 09:00:00,202.00388046866
2011-08-28 10:00:00,333.9899512480167
2011-08-28 11:00:00,268.52630095318955
2011-08-28 12:00:00,393.8560541068925
2011-08-28 13:00:00,455.7796261579914
2011-08-28 14:00:00,437.2887349809086
2011-08-28 15:00:00,445.65977071676343
2011-08-28 16:00:00,478.00857354851337
2011-08-28 17:00:00,543.5317458465786
2011-08-28 18:00:00,510.9782767771178
2011-08-28 19:00:00,348.4589606630442
2011-08-28 20:00:00,385.70240100243893
2011-08-28 21:00:00,196.09555536371755
2011-08-28 22:00:00,86.22966343781391
2011-08-28 23:00:00,71.87795623098796
2011-08-29 00:00:00,138.8326179004418
2011-08-29 01:00:00,157.1622243326019
2011-08-29 02:00:00,163.98641738161615
2011-08-29 03:00:00,157.1622243326019
2011-08-29 04:00:00,197.0424540330503
2011-08-29 05:00:00,162.1415818335215
2011-08-29 06:00:00,162.1415818335215
2011-08-29 07:00:00,244.58435421658822
2011-08-29 08:00:00,210.07891308159444
2011-08-29 09:00:00,228.05454628119236
2011-08-29 10:00:00,319.2466953230018
2011-08-29 11:00:00,303.6818663209733
2011-08-29 12:00:00,307.6153565508781
2011-08-29 13:00:00,311.8350426230889
2011-08-29 14:00:00,329.95607033237366
2011-08-29 15:00:00,401.1774946085013
2011-08-29 16:00:00,423.1482108734749
2011-08-29 17:00:00,279.0517042930486
2011-08-29 18:00:00,320.32201662637766
2011-08-29 19:00:00,320.32201662637766
2011-08-29 20:00:00,236.85886012792645
2011-08-29 21:00:00,240.8061851488597
2011-08-29 22:00:00,199.20953082889235
2011-08-29 23:00:00,203.1124930886362
2011-08-30 00:00:00,162.1415818335215
2011-08-30 01:00:00,191.34176737182065
2011-08-30 02:00:00,156.18207929337663
2011-08-30 03:00:00,142.27229050518173
2011-08-30 04:00:00,140.5331270859068
2011-08-30 05:00:00,127.30172034237701
2011-08-30 06:00:00,156.18207929337663
2011-08-30 07:00:00,197.0424540330503
2011-08-30 08:00:00,199.20953082889235
2011-08-30 09:00:00,281.5257020345746
2011-08-30 10:00:00,396.1308926873096
2011-08-30 11:00:00,418.0524490092349
2011-08-30 12:00:00,316.5770110880277
2011-08-30 13:00:00,318.26535183452955
2011-08-30 14:00:00,342.4188488276557
2011-08-30 15:00:00,366.4199544031256
2011-08-30 16:00:00,381.90434131263106
2011-08-30 17:00:00,433.6412588178875
2011-08-30 18:00:00,330.84401166642357
2011-08-30 19:00:00,170.40723426202513
2011-08-30 20:00:00,162.19777042113543
2011-08-30 21:00:00,162.61921317244745
2011-08-30 22:00:00,161.69752262540644
2011-08-30 23:00:00,161.69752262540644
2011-08-31 00:00:00,129.5723205033538
2011-08-31 01:00:00,129.5723205033538
2011-08-31 02:00:00,143.13188477455594
2011-08-31 03:00:00,124.73665699968987
2011-08-31 04:00:00,143.13188477455594
2011-08-31 05:00:00,99.70621422321764
2011-08-31 06:00:00,138.20684910090517
2011-08-31 07:00:00,108.77424058731984
2011-08-31 08:00:00,119.92454944198987
2011-08-31 09:00:00,116.3024407340508
2011-08-31 10:00:00,273.47553406413203
2011-08-31 11:00:00,402.4844657397627
2011-08-31 12:00:00,377.5054049450134
2011-08-31 13:00:00,321.9018159074742
2011-08-31 14:00:00,383.55551719001045
2011-08-31 15:00:00,383.55551719001045
2011-08-31 16:00:00,402.7725241790432
2011-08-31 17:00:00,339.67478109432363
2011-08-31 18:00:00,335.68949862608775
2011-08-31 19:00:00,334.2261792132241
2011-08-31 20:00:00,227.9942423222965
2011-08-31 21:00:00,137.60208126756953
2011-08-31 22:00:00,111.86259557031879
2011-08-31 23:00:00,124.07351928299607
2011-09-20 00:00:00,194.6067960242588
2011-09-20 01:00:00,148.46589469522056
2011-09-20 02:00:00,148.46589469522056
2011-09-20 03:00:00,152.66734714943084
2011-09-20 04:00:00,92.865372573836
2011-09-20 05:00:00,141.63979232112513
2011-09-20 06:00:00,141.63979232112513
2011-09-20 07:00:00,148.46589469522056
2011-09-20 08:00:00,42.14242949200191
2011-09-20 09:00:00,46.87326366560305
2011-09-20 10:00:00,116.91110752844698
2011-09-20 11:00:00,116.91110752844698
2011-09-20 12:00:00,105.58281997916617
2011-09-20 13:00:00,81.52999587498535
2011-09-20 14:00:00,157.33204719015902
2011-09-20 15:00:00,187.23032485181437
2011-09-20 16:00:00,179.93461227418683
2011-09-20 17:00:00,118.9809537590641
2011-09-20 18:00:00,118.9809537590641
2011-09-20 19:00:00,89.95744500645287
2011-09-20 20:00:00,36.52230646458607
2011-09-20 21:00:00,36.52230646458607
2011-09-20 22:00:00,36.52230646458607
2011-09-20 23:00:00,36.52230646458607
2011-09-21 00:00:00,20.18612893316157
2011-09-21 01:00:00,41.17727918321659
2011-09-21 02:00:00,41.17727918321659
2011-09-21 03:00:00,88.61569687074544
2011-09-21 04:00:00,62.49066131763399
2011-09-21 05:00:00,81.1253352907341
2011-09-21 06:00:00,73.64476508047598
2011-09-21 07:00:00,73.64476508047598
2011-09-21 08:00:00,74.92161261511495
2011-09-21 09:00:00,66.21268171230204
2011-09-21 10:00:00,124.43228816004964
2011-09-21 11:00:00,184.3296024384743
2011-09-21 12:00:00,153.74766688594406
2011-09-21 13:00:00,181.25219782941133
2011-09-21 14:00:00,177.8324152950431
2011-09-21 15:00:00,167.4748357306094
2011-09-21 16:00:00,167.4748357306094
2011-09-21 17:00:00,221.46650358857062
2011-09-21 18:00:00,144.01167988722207
2011-09-21 19:00:00,76.00725958753543
2011-09-21 20:00:00,76.00725958753543
2011-09-21 21:00:00,62.38035517290456
2011-09-21 22:00:00,76.19330827273957
2011-09-21 23:00:00,46.19729232608093
2011-09-22 00:00:00,46.19729232608093
2011-09-22 01:00:00,80.62769706251325
2011-09-22 02:00:00,94.54309026499986
2011-09-22 03:00:00,80.62769706251325
2011-09-22 04:00:00,80.62769706251325
2011-09-22 05:00:00,94.54309026499986
2011-09-22 06:00:00,58.80797617420794
2011-09-22 07:00:00,70.09130892443005
2011-09-22 08:00:00,78.269824122475
2011-09-22 09:00:00,110.95631554943016
2011-09-22 10:00:00,181.0400539292507
2011-09-22 11:00:00,177.84852368266291
2011-09-22 12:00:00,200.42828365051668
2011-09-22 13:00:00,195.7098009412866
2011-09-22 14:00:00,198.42697608393166
2011-09-22 15:00:00,184.7194402628642
2011-09-22 16:00:00,190.10193917907054
2011-09-22 17:00:00,170.17272175897546
2011-09-22 18:00:00,172.8554433016455
2011-09-22 19:00:00,133.43777002173942
2011-09-22 20:00:00,93.5917203376907
2011-09-22 21:00:00,133.43777002173942
2011-09-22 22:00:00,63.9103894342642
2011-09-22 23:00:00,76.19330827273957
2011-09-23 00:00:00,152.66959318037038
2011-09-23 01:00:00,68.84176778367171
2011-09-23 02:00:00,124.62613471564268
2011-09-23 03:00:00,68.84176778367171
2011-09-23 04:00:00,77.90529698283021
2011-09-23 05:00:00,112.91868553230009
2011-09-23 06:00:00,152.66959318037038
2011-09-23 07:00:00,207.96886617827187
2011-09-23 08:00:00,207.96886617827187
2011-09-23 09:00:00,160.42841962739723
2011-09-23 10:00:00,173.58499317218872
2011-09-23 11:00:00,173.58499317218872
2011-09-23 12:00:00,234.91695701557546
2011-09-23 13:00:00,111.59567558651311
2011-09-23 14:00:00,111.59567558651311
2011-09-23 15:00:00,234.91695701557546
2011-09-23 16:00:00,174.91936250406076
2011-09-23 17:00:00,68.84176778367171
2011-09-23 18:00:00,63.67575102155453
2011-09-23 19:00:00,148.1291240657948
2011-09-23 20:00:00,79.11637128593617
2011-09-23 21:00:00,107.39819254084946
2011-09-23 22:00:00,119.04423907427928
2011-09-23 23:00:00,90.07531689229077
2011-09-24 00:00:00,98.2569924554474
2011-09-24 01:00:00,144.85627746040842
2011-09-24 02:00:00,144.85627746040842
2011-09-24 03:00:00,104.47424911399696
2011-09-24 04:00:00,90.40896977411583
2011-09-24 05:00:00,126.43274604058303
2011-09-24 06:00:00,126.43274604058303
2011-09-24 07:00:00,170.57092914910717
2011-09-24 08:00:00,178.2518511080828
2011-09-24 09:00:00,198.519597887614
2011-09-24 10:00:00,198.519597887614
2011-09-24 11:00:00,246.30980869117252
2011-09-24 12:00:00,246.30980869117252
2011-09-24 13:00:00,253.4165570357847
2011-09-24 14:00:00,368.14517505501937
2011-09-24 15:00:00,368.14517505501937
2011-09-24 16:00:00,284.651183823501
2011-09-24 17:00:00,396.5540552101886
2011-09-24 18:00:00,273.7571129178033
2011-09-24 19:00:00,200.68393731738746
2011-09-24 20:00:00,215.81572004108256
2011-09-24 21:00:00,236.77168114732945
2011-09-24 22:00:00,195.74566058925396
2011-09-24 23:00:00,198.519597887614
2011-09-25 00:00:00,167.73012334039316
2011-09-25 01:00:00,208.45097295612993
2011-09-25 02:00:00,140.51105553124364
2011-09-25 03:00:00,140.51105553124364
2011-09-25 04:00:00,165.46029879383258
2011-09-25 05:00:00,173.0901920017009
2011-09-25 06:00:00,208.45097295612993
2011-09-25 07:00:00,140.90690356381543
2011-09-25 08:00:00,195.74566058925396
2011-09-25 09:00:00,216.5190287815892
2011-09-25 10:00:00,216.5190287815892
2011-09-25 11:00:00,322.01335711333223
2011-09-25 12:00:00,317.6515078529988
2011-09-25 13:00:00,370.887746792526
2011-09-25 14:00:00,317.6515078529988
2011-09-25 15:00:00,317.6515078529988
2011-09-25 16:00:00,553.3807797077194
2011-09-25 17:00:00,377.4178244492324
2011-09-25 18:00:00,377.4178244492324
2011-09-25 19:00:00,223.646902904079
2011-09-25 20:00:00,236.8119613715033
2011-09-25 21:00:00,149.75930762708202
2011-09-25 22:00:00,231.00157796572262
2011-09-25 23:00:00,180.75131528609853
2011-09-26 00:00:00,112.91868553230009
2011-09-26 01:00:00,263.9570723404608
2011-09-26 02:00:00,263.9570723404608
2011-09-26 03:00:00,112.91868553230009
2011-09-26 04:00:00,152.66959318037038
2011-09-26 05:00:00,172.96892312374058
2011-09-26 06:00:00,152.66959318037038
2011-09-26 07:00:00,112.91868553230009
2011-09-26 08:00:00,112.91868553230009
2011-09-26 09:00:00,260.79517583125545
2011-09-26 10:00:00,260.79517583125545
2011-09-26 11:00:00,284.4708069978966
2011-09-26 12:00:00,298.0475372698155
2011-09-26 13:00:00,309.14843462322995
2011-09-26 14:00:00,362.76383554846416
2011-09-26 15:00:00,507.2113022354688
2011-09-26 16:00:00,447.27052644301295
2011-09-26 17:00:00,421.77159156428536
2011-09-26 18:00:00,284.55537758452374
2011-09-26 19:00:00,268.6874067431961
2011-09-26 20:00:00,220.45151065744668
2011-09-26 21:00:00,220.45151065744668
2011-09-26 22:00:00,148.1291240657948
2011-09-26 23:00:00,148.1291240657948
2011-09-27 00:00:00,148.1291240657948
2011-09-27 01:00:00,150.00920741467414
2011-09-27 02:00:00,179.7036477652736
2011-09-27 03:00:00,112.91868553230009
2011-09-27 04:00:00,216.88816751632308
2011-09-27 05:00:00,216.88816751632308
2011-09-27 06:00:00,184.9684515066662
2011-09-27 07:00:00,184.9684515066662
2011-09-27 08:00:00,247.78314435641047
2011-09-27 09:00:00,257.27895514623935
2011-09-27 10:00:00,242.84223412558242
2011-09-27 11:00:00,253.01573770000525
2011-09-27 12:00:00,230.96588414840397
2011-09-27 13:00:00,302.58291666691434
2011-09-27 14:00:00,307.91364524291845
2011-09-27 15:00:00,234.86622018951795
2011-09-27 16:00:00,280.679585839041
2011-09-27 17:00:00,259.9428419313756
2011-09-27 18:00:00,267.1860633211448
2011-09-27 19:00:00,228.26546139308314
2011-09-27 20:00:00,232.36507775747964
2011-09-27 21:00:00,176.05331756507138
2011-09-27 22:00:00,160.93135845413067
2011-09-27 23:00:00,160.93135845413067
2011-09-28 00:00:00,147.28980643952275
2011-09-28 01:00:00,147.28980643952275
2011-09-28 02:00:00,200.99122415024866
2011-09-28 03:00:00,120.35249059566144
2011-09-28 04:00:00,147.28980643952275
2011-09-28 05:00:00,79.90422671080496
2011-09-28 06:00:00,152.83447911914192
2011-09-28 07:00:00,152.83447911914192
2011-09-28 08:00:00,214.961487758716
2011-09-28 09:00:00,214.961487758716
2011-09-28 10:00:00,112.91868553230009
2011-09-28 11:00:00,292.02575097464415
2011-09-28 12:00:00,259.3698383880173
2011-09-28 13:00:00,314.15739784066614
2011-09-28 14:00:00,423.1365952087729
2011-09-28 15:00:00,421.77159156428536
2011-09-28 16:00:00,345.24685009206536
2011-09-28 17:00:00,358.5336972524053
2011-09-28 18:00:00,312.99415057122695
2011-09-28 19:00:00,312.99415057122695
2011-09-28 20:00:00,241.41388812051042
2011-09-28 21:00:00,206.82987392679414
2011-09-28 22:00:00,160.93135845413067
2011-09-28 23:00:00,101.12819510598003
2011-09-29 00:00:00,115.59723103791521
2011-09-29 01:00:00,152.775636821929
2011-09-29 02:00:00,152.775636821929
2011-09-29 03:00:00,167.42715411075216
2011-09-29 04:00:00,201.66266529383262
2011-09-29 05:00:00,201.1576054169945
2011-09-29 06:00:00,171.87595390739034
2011-09-29 07:00:00,166.1856697338798
2011-09-29 08:00:00,176.05331756507138
2011-09-29 09:00:00,258.05705735554363
2011-09-29 10:00:00,417.99497834570394
2011-09-29 11:00:00,412.4187197148326
2011-09-29 12:00:00,409.03650275901873
2011-09-29 13:00:00,391.4357236215045
2011-09-29 14:00:00,355.6121228104808
2011-09-29 15:00:00,337.83616983898537
2011-09-29 16:00:00,342.67491633485736
2011-09-29 17:00:00,311.71429334371743
2011-09-29 18:00:00,345.63420253267344
2011-09-29 19:00:00,255.1202706405861
2011-09-29 20:00:00,281.27692991916626
2011-09-29 21:00:00,319.58973661315446
2011-09-29 22:00:00,266.1224361793608
2011-09-29 23:00:00,214.2161086984939
2011-09-30 00:00:00,172.32206132851445
2011-09-30 01:00:00,198.58520015775866
2011-09-30 02:00:00,172.32206132851445
2011-09-30 03:00:00,172.32206132851445
2011-09-30 04:00:00,166.052665309921
2011-09-30 05:00:00,166.052665309921
2011-09-30 06:00:00,181.3381533994542
2011-09-30 07:00:00,181.3381533994542
2011-09-30 08:00:00,216.93436384687294
2011-09-30 09:00:00,202.14470137757408
2011-09-30 10:00:00,428.474143527485
2011-09-30 11:00:00,434.26862221128636
2011-09-30 12:00:00,417.90119936524036
2011-09-30 13:00:00,295.14068518945044
2011-09-30 14:00:00,305.78591206782306
2011-09-30 15:00:00,321.6588270065477
2011-09-30 16:00:00,358.58903822283554
2011-09-30 17:00:00,343.91372692686247
2011-09-30 18:00:00,296.3859156517775
2011-09-30 19:00:00,250.64326927566051
2011-09-30 20:00:00,250.64326927566051
2011-09-30 21:00:00,275.31594214636715
2011-09-30 22:00:00,195.01629843726604
2011-09-30 23:00:00,195.01629843726604
2011-10-20 00:00:00,86.45904605080244
2011-10-20 01:00:00,123.61995079033694
2011-10-20 02:00:00,169.41371635193778
2011-10-20 03:00:00,187.74105359766088
2011-10-20 04:00:00,187.74105359766088
2011-10-20 05:00:00,208.98461222182465
2011-10-20 06:00:00,151.82388997786046
2011-10-20 07:00:00,136.51841876779892
2011-10-20 08:00:00,137.4092207608384
2011-10-20 09:00:00,162.71388189727477
2011-10-20 10:00:00,166.47554268695768
2011-10-20 11:00:00,188.53494012206275
2011-10-20 12:00:00,272.14702507259227
2011-10-20 13:00:00,311.45776780017354
2011-10-20 14:00:00,351.769127925299
2011-10-20 15:00:00,227.98313578110123
2011-10-20 16:00:00,227.98313578110123
2011-10-20 17:00:00,260.8117997607558
2011-10-20 18:00:00,241.5936140954662
2011-10-20 19:00:00,233.7471263076717
2011-10-20 20:00:00,225.358672409026
2011-10-20 21:00:00,228.40696507136875
2011-10-20 22:00:00,218.74328904175348
2011-10-20 23:00:00,255.39240605954075
2011-10-21 00:00:00,229.35545211073497
2011-10-21 01:00:00,243.376351303627
2011-10-21 02:00:00,175.27686971689113
2011-10-21 03:00:00,168.79191620611428
2011-10-21 04:00:00,177.0614023325565
2011-10-21 05:00:00,129.157195220271
2011-10-21 06:00:00,177.0614023325565
2011-10-21 07:00:00,177.0614023325565
2011-10-21 08:00:00,232.87065531146072
2011-10-21 09:00:00,292.4864047691595
2011-10-21 10:00:00,278.2623788181123
2011-10-21 11:00:00,323.3369538688205
2011-10-21 12:00:00,251.94817627981445
2011-10-21 13:00:00,226.1407174555417
2011-10-21 14:00:00,316.57734954113334
2011-10-21 15:00:00,261.05538656553983
2011-10-21 16:00:00,271.19496506189455
2011-10-21 17:00:00,257.43567951064114
2011-10-21 18:00:00,236.2070178542998
2011-10-21 19:00:00,205.4236221972578
2011-10-21 20:00:00,249.35868554992788
2011-10-21 21:00:00,279.1671384566028
2011-10-21 22:00:00,261.7062867845909
2011-10-21 23:00:00,243.376351303627
2011-10-22 00:00:00,211.90775696922955
2011-10-22 01:00:00,211.90775696922955
2011-10-22 02:00:00,218.10902859995474
2011-10-22 03:00:00,212.27938023649253
2011-10-22 04:00:00,186.30310339636645
2011-10-22 05:00:00,203.65792104768482
2011-10-22 06:00:00,174.96049074212277
2011-10-22 07:00:00,127.0237350167598
2011-10-22 08:00:00,188.50070223651687
2011-10-22 09:00:00,198.5511625569435
2011-10-22 10:00:00,266.0935489467521
2011-10-22 11:00:00,266.0935489467521
2011-10-22 12:00:00,273.8824538409279
2011-10-22 13:00:00,431.73465227419103
2011-10-22 14:00:00,303.39839506230476
2011-10-22 15:00:00,283.944262321423
2011-10-22 16:00:00,357.95094080562245
2011-10-22 17:00:00,239.1354019896359
2011-10-22 18:00:00,260.77333910674867
2011-10-22 19:00:00,207.00828016974953
2011-10-22 20:00:00,210.94903820859125
2011-10-22 21:00:00,156.84818233404806
2011-10-22 22:00:00,156.84818233404806
2011-10-22 23:00:00,128.72678576395356
2011-10-23 00:00:00,98.02764190667233
2011-10-23 01:00:00,98.02764190667233
2011-10-23 02:00:00,73.3590791742979
2011-10-23 03:00:00,68.03608455226015
2011-10-23 04:00:00,68.03608455226015
2011-10-23 05:00:00,74.496460597369
2011-10-23 06:00:00,81.37979588294343
2011-10-23 07:00:00,73.3590791742979
2011-10-23 08:00:00,98.37703759160593
2011-10-23 09:00:00,156.84818233404806
2011-10-23 10:00:00,197.47913905501792
2011-10-23 11:00:00,186.21235793682388
2011-10-23 12:00:00,231.06857902388003
2011-10-23 13:00:00,309.0730669458332
2011-10-23 14:00:00,334.4208944907697
2011-10-23 15:00:00,321.2239340155244
2011-10-23 16:00:00,309.0730669458332
2011-10-23 17:00:00,273.01627820892514
2011-10-23 18:00:00,308.5502985263945
2011-10-23 19:00:00,160.03742174036458
2011-10-23 20:00:00,190.14701454306933
2011-10-23 21:00:00,190.14701454306933
2011-10-23 22:00:00,159.69136716503792
2011-10-23 23:00:00,164.74174387998755
2011-10-24 00:00:00,168.0537637432575
2011-10-24 01:00:00,134.67462636460792
2011-10-24 02:00:00,126.35964861909154
2011-10-24 03:00:00,117.33807159444883
2011-10-24 04:00:00,122.70777066250518
2011-10-24 05:00:00,98.86377091468144
2011-10-24 06:00:00,126.35964861909154
2011-10-24 07:00:00,143.38404436523922
2011-10-24 08:00:00,186.5729615643889
2011-10-24 09:00:00,207.59100614711593
2011-10-24 10:00:00,266.021222729037
2011-10-24 11:00:00,263.311358829471
2011-10-24 12:00:00,290.0330575280753
2011-10-24 13:00:00,277.69922195532473
2011-10-24 14:00:00,277.6065905165858
2011-10-24 15:00:00,336.77667800682013
2011-10-24 16:00:00,279.13273811802145
2011-10-24 17:00:00,280.22787021556525
2011-10-24 18:00:00,310.46064605170096
2011-10-24 19:00:00,121.61885533508939
2011-10-24 20:00:00,167.88921602795875
2011-10-24 21:00:00,126.68775615448415
2011-10-24 22:00:00,201.59165432669772
2011-10-24 23:00:00,169.82571039358774
2011-10-25 00:00:00,175.3918012870134
2011-10-25 01:00:00,175.3918012870134
2011-10-25 02:00:00,143.03515078946114
2011-10-25 03:00:00,110.15506977771518
2011-10-25 04:00:00,117.12240713730034
2011-10-25 05:00:00,117.12240713730034
2011-10-25 06:00:00,132.24237773332857
2011-10-25 07:00:00,155.2944300622531
2011-10-25 08:00:00,192.4318275281592
2011-10-25 09:00:00,255.17148371814912
2011-10-25 10:00:00,245.7802725441658
2011-10-25 11:00:00,268.7301866919116
2011-10-25 12:00:00,359.05374765416013
2011-10-25 13:00:00,362.6209406695361
2011-10-25 14:00:00,373.5341158918713
2011-10-25 15:00:00,344.27641741427686
2011-10-25 16:00:00,385.3310008014181
2011-10-25 17:00:00,344.27641741427686
2011-10-25 18:00:00,390.6544021129332
2011-10-25 19:00:00,193.49184980304813
2011-10-25 20:00:00,212.51063143472723
2011-10-25 21:00:00,195.95671632136512
2011-10-25 22:00:00,180.91431230983895
2011-10-25 23:00:00,195.95671632136512
2011-10-26 00:00:00,185.39437778270968
2011-10-26 01:00:00,170.13160158423696
2011-10-26 02:00:00,196.51970241307276
2011-10-26 03:00:00,179.4859958495418
2011-10-26 04:00:00,208.5283380694509
2011-10-26 05:00:00,202.1546446154498
2011-10-26 06:00:00,202.1546446154498
2011-10-26 07:00:00,210.69368438605142
2011-10-26 08:00:00,206.9875049313897
2011-10-26 09:00:00,259.7493906866217
2011-10-26 10:00:00,275.25637832972257
2011-10-26 11:00:00,203.11427440617874
2011-10-26 12:00:00,433.3767946849629
2011-10-26 13:00:00,360.922433812569
2011-10-26 14:00:00,188.19330905127327
2011-10-26 15:00:00,188.19330905127327
2011-10-26 16:00:00,202.9383719348953
2011-10-26 17:00:00,221.6425183470082
2011-10-26 18:00:00,212.88517120710264
2011-10-26 19:00:00,158.65083994189877
2011-10-26 20:00:00,116.37609295994147
2011-10-26 21:00:00,188.19330905127327
2011-10-26 22:00:00,129.955930494098
2011-10-26 23:00:00,129.955930494098
2011-10-27 00:00:00,57.097998159969904
2011-10-27 01:00:00,57.097998159969904
2011-10-27 02:00:00,55.601834366485775
2011-10-27 03:00:00,55.601834366485775
2011-10-27 04:00:00,83.7432144452548
2011-10-27 05:00:00,101.64190158500088
2011-10-27 06:00:00,133.8959430390026
2011-10-27 07:00:00,96.86887854820878
2011-10-27 08:00:00,118.30823141286173
2011-10-27 09:00:00,226.85024672281193
2011-10-27 10:00:00,127.79079862136868
2011-10-27 11:00:00,120.08787296772215
2011-10-27 12:00:00,120.08787296772215
2011-10-27 13:00:00,194.39450594793357
2011-10-27 14:00:00,135.6795418491181
2011-10-27 15:00:00,184.52306866578292
2011-10-27 16:00:00,231.3243956039721
2011-10-27 17:00:00,176.9358361620681
2011-10-27 18:00:00,166.99834233256553
2011-10-27 19:00:00,147.94573041965106
2011-10-27 20:00:00,128.58894105249422
2011-10-27 21:00:00,151.39728992956574
2011-10-27 22:00:00,202.82099617082437
2011-10-27 23:00:00,200.99113969603653
2011-10-28 00:00:00,135.21634644633752
2011-10-28 01:00:00,140.88490687946668
2011-10-28 02:00:00,141.17615007228213
2011-10-28 03:00:00,134.48352180350997
2011-10-28 04:00:00,158.0816233978095
2011-10-28 05:00:00,210.20317051250981
2011-10-28 06:00:00,144.05834516123863
2011-10-28 07:00:00,144.05834516123863
2011-10-28 08:00:00,180.90897576957624
2011-10-28 09:00:00,279.5330954263988
2011-10-28 10:00:00,250.37094347247853
2011-10-28 11:00:00,270.7803955355186
2011-10-28 12:00:00,278.29629666850246
2011-10-28 13:00:00,266.8364143832694
2011-10-28 14:00:00,279.7404418960504
2011-10-28 15:00:00,260.5315270155454
2011-10-28 16:00:00,279.6836264914042
2011-10-28 17:00:00,253.6312503291931
2011-10-28 18:00:00,255.9549105096149
2011-10-28 19:00:00,253.6312503291931
2011-10-28 20:00:00,184.1032179454932
2011-10-28 21:00:00,112.44839099264544
2011-10-28 22:00:00,80.83579612170091
2011-10-28 23:00:00,42.254170657647364
2011-10-29 00:00:00,58.685559582494925
2011-10-29 01:00:00,56.81237616523793
2011-10-29 02:00:00,56.81237616523793
2011-10-29 03:00:00,68.76866061664896
2011-10-29 04:00:00,68.76866061664896
2011-10-29 05:00:00,45.168647835194086
2011-10-29 06:00:00,30.378317758606844
2011-10-29 07:00:00,30.378317758606844
2011-10-29 08:00:00,64.67517386559466
2011-10-29 09:00:00,64.67517386559466
2011-10-29 10:00:00,32.96034798345529
2011-10-29 11:00:00,50.429714786464814
2011-10-29 12:00:00,5.92152330972819
2011-10-29 13:00:00,0.0
2011-10-29 14:00:00,12.138950280351057
2011-10-29 15:00:00,91.25495195850195
2011-10-29 16:00:00,48.91487572537778
2011-10-29 17:00:00,48.91487572537778
2011-10-29 18:00:00,48.91487572537778
2011-10-29 19:00:00,10.134511048324754
2011-10-29 20:00:00,10.134511048324754
2011-10-29 21:00:00,10.134511048324754
2011-10-29 22:00:00,58.50762893434049
2011-10-29 23:00:00,40.978191734859664
2011-10-30 00:00:00,58.50762893434049
2011-10-30 01:00:00,78.40604165612231
2011-10-30 02:00:00,70.08610898715665
2011-10-30 03:00:00,21.860856295382938
2011-10-30 04:00:00,15.164522802105289
2011-10-30 05:00:00,17.99441714300029
2011-10-30 06:00:00,51.79435102664835
2011-10-30 07:00:00,31.908052117222084
2011-10-30 08:00:00,52.11734552908966
2011-10-30 09:00:00,84.98499525452696
2011-10-30 10:00:00,165.34086247803538
2011-10-30 11:00:00,229.3506761298336
2011-10-30 12:00:00,266.7326193376427
2011-10-30 13:00:00,352.8556691599327
2011-10-30 14:00:00,433.1362294361075
2011-10-30 15:00:00,417.3089501780024
2011-10-30 16:00:00,391.3253949382989
2011-10-30 17:00:00,370.5609922789135
2011-10-30 18:00:00,292.22059208165035
2011-10-30 19:00:00,328.86019023058446
2011-10-30 20:00:00,221.9130499179575
2011-10-30 21:00:00,131.67381405879334
2011-10-30 22:00:00,93.22201060425772
2011-10-30 23:00:00,28.840559599189305
2011-10-31 00:00:00,110.41794116576833
2011-10-31 01:00:00,86.5845549581366
2011-10-31 02:00:00,133.4821199014766
2011-10-31 03:00:00,156.17031388930008
2011-10-31 04:00:00,133.4821199014766
2011-10-31 05:00:00,109.34127435037813
2011-10-31 06:00:00,133.4821199014766
2011-10-31 07:00:00,143.47103598613003
2011-10-31 08:00:00,100.59966726743784
2011-10-31 09:00:00,168.12416629761265
2011-10-31 10:00:00,280.01397168436665
2011-10-31 11:00:00,268.8668770116013
2011-10-31 12:00:00,315.35444608500586
2011-10-31 13:00:00,287.6519041743993
2011-10-31 14:00:00,271.6271995854519
2011-10-31 15:00:00,280.27864939722514
2011-10-31 16:00:00,261.7062867845909
2011-10-31 17:00:00,256.0933893618153
2011-10-31 18:00:00,177.5779301864276
2011-10-31 19:00:00,177.5779301864276
2011-10-31 20:00:00,177.5779301864276
2011-10-31 21:00:00,182.26841632012867
2011-10-31 22:00:00,182.26841632012867
2011-10-31 23:00:00,182.26841632012867
2011-11-20 00:00:00,168.9584096564323
2011-11-20 01:00:00,218.10902859995474
2011-11-20 02:00:00,220.46466595275325
2011-11-20 03:00:00,256.4384255703088
2011-11-20 04:00:00,242.5863504251067
2011-11-20 05:00:00,225.61793623306784
2011-11-20 06:00:00,230.93121637206917
2011-11-20 07:00:00,172.63707695382567
2011-11-20 08:00:00,228.1221571754082
2011-11-20 09:00:00,173.53920370990932
2011-11-20 10:00:00,239.92569469360723
2011-11-20 11:00:00,321.09634032971087
2011-11-20 12:00:00,283.082594210753
2011-11-20 13:00:00,295.21533511739665
2011-11-20 14:00:00,269.01534601181334
2011-11-20 15:00:00,309.5988134998238
2011-11-20 16:00:00,316.97090143260453
2011-11-20 17:00:00,320.5655736490877
2011-11-20 18:00:00,305.2870578188003
2011-11-20 19:00:00,274.42586195666087
2011-11-20 20:00:00,330.48291273656696
2011-11-20 21:00:00,232.62958910216753
2011-11-20 22:00:00,117.71399827590716
2011-11-20 23:00:00,117.71399827590716
2011-11-21 00:00:00,68.31060038890602
2011-11-21 01:00:00,82.96603677844321
2011-11-21 02:00:00,66.36424448048317
2011-11-21 03:00:00,57.47925294148867
2011-11-21 04:00:00,57.47925294148867
2011-11-21 05:00:00,54.486802317603164
2011-11-21 06:00:00,121.8631405845658
2011-11-21 07:00:00,139.91542178939156
2011-11-21 08:00:00,68.31060038890602
2011-11-21 09:00:00,115.08991722426738
2011-11-21 10:00:00,135.6795418491181
2011-11-21 11:00:00,184.52306866578292
2011-11-21 12:00:00,224.92004714854608
2011-11-21 13:00:00,224.92004714854608
2011-11-21 14:00:00,204.37400283431154
2011-11-21 15:00:00,80.58992383807015
2011-11-21 16:00:00,80.58992383807015
2011-11-21 17:00:00,91.81109179493838
2011-11-21 18:00:00,100.84628073768494
2011-11-21 19:00:00,110.88083561434172
2011-11-21 20:00:00,110.61685166056202
2011-11-21 21:00:00,125.36311403615818
2011-11-21 22:00:00,106.08375393370505
2011-11-21 23:00:00,125.36311403615818
2011-11-22 00:00:00,91.98140327926829
2011-11-22 01:00:00,101.02375895732634
2011-11-22 02:00:00,70.48887882870312
2011-11-22 03:00:00,70.48887882870312
2011-11-22 04:00:00,104.58517938086318
2011-11-22 05:00:00,104.58517938086318
2011-11-22 06:00:00,143.38404436523922
2011-11-22 07:00:00,91.87901521648539
2011-11-22 08:00:00,91.87901521648539
2011-11-22 09:00:00,92.35869944171584
2011-11-22 10:00:00,92.35869944171584
2011-11-22 11:00:00,101.02375895732634
2011-11-22 12:00:00,93.7623344565915
2011-11-22 13:00:00,75.43218010318594
2011-11-22 14:00:00,75.43218010318594
2011-11-22 15:00:00,58.838458078605825
2011-11-22 16:00:00,58.838458078605825
2011-11-22 17:00:00,63.98674954410391
2011-11-22 18:00:00,43.147951646466204
2011-11-22 19:00:00,80.60709030194676
2011-11-22 20:00:00,134.23819690940405
2011-11-22 21:00:00,160.66180019547306
2011-11-22 22:00:00,161.00373083524414
2011-11-22 23:00:00,170.64143799621112
2011-11-23 00:00:00,170.64143799621112
2011-11-23 01:00:00,154.56881117335104
2011-11-23 02:00:00,60.89579648384009
2011-11-23 03:00:00,60.89579648384009
2011-11-23 04:00:00,100.5319208917702
2011-11-23 05:00:00,146.93341731409672
2011-11-23 06:00:00,54.486802317603164
2011-11-23 07:00:00,79.80845676478569
2011-11-23 08:00:00,115.08991722426738
2011-11-23 09:00:00,154.67616433663582
2011-11-23 10:00:00,154.67616433663582
2011-11-23 11:00:00,167.18020054483398
2011-11-23 12:00:00,168.63829294794752
2011-11-23 13:00:00,190.80738321487416
2011-11-23 14:00:00,223.6669760416226
2011-11-23 15:00:00,218.46287258195122
2011-11-23 16:00:00,203.53485032936106
2011-11-23 17:00:00,167.37152021179105
2011-11-23 18:00:00,272.75342328625925
2011-11-23 19:00:00,276.88705323783057
2011-11-23 20:00:00,227.54587299464706
2011-11-23 21:00:00,226.68638569103504
2011-11-23 22:00:00,203.2737320739747
2011-11-23 23:00:00,219.04740766969098
2011-11-24 00:00:00,140.7265715861173
2011-11-24 01:00:00,76.95229937031498
2011-11-24 02:00:00,72.71473650170749
2011-11-24 03:00:00,33.375333502053
2011-11-24 04:00:00,88.04989173113364
2011-11-24 05:00:00,93.2064846028904
2011-11-24 06:00:00,88.04989173113364
2011-11-24 07:00:00,22.195322372122433
2011-11-24 08:00:00,56.96499414574275
2011-11-24 09:00:00,160.94646270859752
2011-11-24 10:00:00,225.88085521171928
2011-11-24 11:00:00,328.35702533644894
2011-11-24 12:00:00,403.65725648408306
2011-11-24 13:00:00,416.93430648513436
2011-11-24 14:00:00,360.0042038044023
2011-11-24 15:00:00,369.76980198913816
2011-11-24 16:00:00,388.9949472247597
2011-11-24 17:00:00,435.9133879527486
2011-11-24 18:00:00,290.27069727435065
2011-11-24 19:00:00,223.60921533560474
2011-11-24 20:00:00,109.12007629619261
2011-11-24 21:00:00,146.67127916339706
2011-11-24 22:00:00,146.67127916339706
2011-11-24 23:00:00,87.4781418450353
2011-11-25 00:00:00,142.05437688273767
2011-11-25 01:00:00,130.98921980468063
2011-11-25 02:00:00,116.14695637330266
2011-11-25 03:00:00,122.690373747373
2011-11-25 04:00:00,127.56088656145857
2011-11-25 05:00:00,97.58614398862012
2011-11-25 06:00:00,109.63481373863937
2011-11-25 07:00:00,86.5845549581366
2011-11-25 08:00:00,104.11622892253133
2011-11-25 09:00:00,120.82253610669652
2011-11-25 10:00:00,177.0614023325565
2011-11-25 11:00:00,195.97463921285657
2011-11-25 12:00:00,285.66761651526053
2011-11-25 13:00:00,323.3369538688205
2011-11-25 14:00:00,384.62023109321837
2011-11-25 15:00:00,381.29912318994457
2011-11-25 16:00:00,383.903516401738
2011-11-25 17:00:00,388.6984791148485
2011-11-25 18:00:00,291.1966280682166
2011-11-25 19:00:00,204.38107434573124
2011-11-25 20:00:00,266.28832129611084
2011-11-25 21:00:00,166.15266568589286
2011-11-25 22:00:00,155.3162093645943
2011-11-25 23:00:00,142.90198244616477
2011-11-26 00:00:00,116.04877321599659
2011-11-26 01:00:00,106.91229319983644
2011-11-26 02:00:00,80.46205814550429
2011-11-26 03:00:00,83.31728606305896
2011-11-26 04:00:00,83.31728606305896
2011-11-26 05:00:00,87.0889381404225
2011-11-26 06:00:00,146.0148351056225
2011-11-26 07:00:00,40.30009960503699
2011-11-26 08:00:00,106.91229319983644
2011-11-26 09:00:00,114.72028629055946
2011-11-26 10:00:00,127.30403343351875
2011-11-26 11:00:00,240.46569247056388
2011-11-26 12:00:00,315.7927897352497
2011-11-26 13:00:00,426.9712700202214
2011-11-26 14:00:00,284.08164888250866
2011-11-26 15:00:00,349.7164851232726
2011-11-26 16:00:00,274.6612399712829
2011-11-26 17:00:00,274.6612399712829
2011-11-26 18:00:00,253.6044083978082
2011-11-26 19:00:00,239.0368722727215
2011-11-26 20:00:00,294.6035978615662
2011-11-26 21:00:00,179.6038093334842
2011-11-26 22:00:00,235.17149719067572
2011-11-26 23:00:00,127.30403343351875
2011-11-27 00:00:00,127.30403343351875
2011-11-27 01:00:00,127.30403343351875
2011-11-27 02:00:00,98.61735423006229
2011-11-27 03:00:00,68.03608455226015
2011-11-27 04:00:00,80.76784900960884
2011-11-27 05:00:00,99.10548661230635
2011-11-27 06:00:00,165.82408905236724
2011-11-27 07:00:00,128.875269374468
2011-11-27 08:00:00,140.100262548572
2011-11-27 09:00:00,152.2601369169909
2011-11-27 10:00:00,152.2601369169909
2011-11-27 11:00:00,135.3739934152901
2011-11-27 12:00:00,264.8521337620348
2011-11-27 13:00:00,296.40060914442074
2011-11-27 14:00:00,498.2344706193235
2011-11-27 15:00:00,507.08416731597595
2011-11-27 16:00:00,308.9745256698893
2011-11-27 17:00:00,294.1344989294572
2011-11-27 18:00:00,280.44790723845824
2011-11-27 19:00:00,202.30233788768217
2011-11-27 20:00:00,225.1505363999424
2011-11-27 21:00:00,162.46160656678833
2011-11-27 22:00:00,181.20088918119194
2011-11-27 23:00:00,181.20088918119194
2011-11-28 00:00:00,177.28585138558742
2011-11-28 01:00:00,168.00458488044825
2011-11-28 03:00:00,133.8906053751124
2011-11-28 04:00:00,138.1978949768926
2011-11-28 05:00:00,110.15506977771518
2011-11-28 06:00:00,130.49397562671712
2011-11-28 07:00:00,104.66302323240569
2011-11-28 08:00:00,114.740098789793
2011-11-28 09:00:00,165.8749615477734
2011-11-28 10:00:00,211.56461647234994
2011-11-28 11:00:00,290.0330575280753
2011-11-28 12:00:00,358.04597461531745
2011-11-28 13:00:00,302.60995370271246
2011-11-28 14:00:00,280.3522992632222
2011-11-28 15:00:00,380.1985626536037
2011-11-28 16:00:00,314.85610785632485
2011-11-28 17:00:00,327.2860004050818
2011-11-28 18:00:00,323.7312323159923
2011-11-28 19:00:00,216.62670766165536
2011-11-28 20:00:00,216.1751720753822
2011-11-28 21:00:00,202.15030033386165
2011-11-28 22:00:00,184.52306866578292
2011-11-28 23:00:00,172.12448061538413
2011-11-29 00:00:00,137.1510667155167
2011-11-29 01:00:00,152.452112209222
2011-11-29 02:00:00,117.59605523227432
2011-11-29 03:00:00,117.59605523227432
2011-11-29 04:00:00,153.82933197462978
2011-11-29 05:00:00,171.94587833374692
2011-11-29 06:00:00,188.92548167865579
2011-11-29 07:00:00,207.78532159659798
2011-11-29 08:00:00,182.356471063156
2011-11-29 09:00:00,185.65074535958914
2011-11-29 10:00:00,185.65074535958914
2011-11-29 11:00:00,101.74844522923901
2011-11-29 12:00:00,72.85656024333998
2011-11-29 13:00:00,136.97043038142934
2011-11-29 14:00:00,110.88083561434172
2011-11-29 15:00:00,84.65434814278504
2011-11-29 16:00:00,110.61685166056202
2011-11-29 17:00:00,192.0627595396694
2011-11-29 18:00:00,189.5991295593446
2011-11-29 19:00:00,165.4870095703517
2011-11-29 20:00:00,182.4415126070498
2011-11-29 21:00:00,182.4415126070498
2011-11-29 22:00:00,164.11527238435687
2011-11-29 23:00:00,134.92801184650975
2011-11-30 00:00:00,192.12712940480094
2011-11-30 01:00:00,244.92578699984446
2011-11-30 02:00:00,150.83598259527034
2011-11-30 03:00:00,150.83598259527034
2011-11-30 04:00:00,130.56467534954183
2011-11-30 05:00:00,110.81913329424148
2011-11-30 06:00:00,136.7764609811777
2011-11-30 07:00:00,109.63481373863937
2011-11-30 08:00:00,110.81913329424148
2011-11-30 09:00:00,130.41774111742558
2011-11-30 10:00:00,138.90719641774606
2011-11-30 11:00:00,234.4468905438223
2011-11-30 12:00:00,226.6066513998906
2011-11-30 13:00:00,347.2978602002172
2011-11-30 14:00:00,347.2978602002172
2011-11-30 15:00:00,258.5040354265632
2011-11-30 16:00:00,252.86970722419386
2011-11-30 17:00:00,197.45270518096066
2011-11-30 18:00:00,207.4149986574988
2011-11-30 19:00:00,243.23015824959504
2011-11-30 20:00:00,243.23015824959504
2011-11-30 21:00:00,206.43306014958537
2011-11-30 22:00:00,150.14672078868753
2011-11-30 23:00:00,146.13834188157836
2011-12-20 00:00:00,282.44921290371497
2011-12-20 01:00:00,226.12626795325767
2011-12-20 02:00:00,226.03365003666588
2011-12-20 03:00:00,226.03365003666588
2011-12-20 04:00:00,254.66403208091015
2011-12-20 05:00:00,249.729814087654
2011-12-20 06:00:00,249.729814087654
2011-12-20 07:00:00,228.9758968861856
2011-12-20 08:00:00,252.21504983142722
2011-12-20 09:00:00,202.7697267736503
2011-12-20 10:00:00,287.3092234704888
2011-12-20 11:00:00,269.5989620692213
2011-12-20 12:00:00,249.60078024050154
2011-12-20 13:00:00,249.60078024050154
2011-12-20 14:00:00,310.0312159592942
2011-12-20 15:00:00,247.92879626979447
2011-12-20 16:00:00,261.69801978278645
2011-12-20 17:00:00,246.6444275295554
2011-12-20 18:00:00,163.50018360313902
2011-12-20 19:00:00,183.20273365720448
2011-12-20 20:00:00,177.32280756631582
2011-12-20 21:00:00,159.56821058435753
2011-12-20 22:00:00,202.7697267736503
2011-12-20 23:00:00,235.432740070367
2011-12-21 00:00:00,138.62699186395233
2011-12-21 01:00:00,112.19017362336486
2011-12-21 02:00:00,153.75614575731512
2011-12-21 03:00:00,153.75614575731512
2011-12-21 04:00:00,153.75614575731512
2011-12-21 05:00:00,165.7660641457748
2011-12-21 06:00:00,143.75557066081467
2011-12-21 07:00:00,134.07636245052316
2011-12-21 08:00:00,98.26934516290824
2011-12-21 09:00:00,130.55582265671964
2011-12-21 10:00:00,146.20719909274982
2011-12-21 11:00:00,146.20719909274982
2011-12-21 12:00:00,69.01592326680395
2011-12-21 13:00:00,18.90745765149976
2011-12-21 14:00:00,119.6865053437985
2011-12-21 15:00:00,126.68621770830688
2011-12-21 16:00:00,0.0
2011-12-21 17:00:00,0.0
2011-12-21 18:00:00,62.782828632041884
2011-12-21 19:00:00,44.515464914689325
2011-12-21 20:00:00,68.80506691314568
2011-12-21 21:00:00,159.3001599162916
2011-12-21 22:00:00,161.47077552727993
2011-12-21 23:00:00,137.17562941409145
2011-12-22 00:00:00,212.34232536725995
2011-12-22 01:00:00,90.1400555767173
2011-12-22 02:00:00,192.61607590934932
2011-12-22 03:00:00,128.54201305315073
2011-12-22 04:00:00,131.94130865701672
2011-12-22 05:00:00,144.73253053374057
2011-12-22 06:00:00,115.25922279609493
2011-12-22 07:00:00,101.50944516923853
2011-12-22 08:00:00,143.75557066081467
2011-12-22 09:00:00,135.5533225997097
2011-12-22 10:00:00,167.28277048611767
2011-12-22 11:00:00,192.3237686255798
2011-12-22 12:00:00,140.51668253464902
2011-12-22 13:00:00,133.88152142267487
2011-12-22 14:00:00,133.88152142267487
2011-12-22 15:00:00,130.40811714694587
2011-12-22 16:00:00,133.88152142267487
2011-12-22 17:00:00,150.78998583602788
2011-12-22 18:00:00,151.67799112151133
2011-12-22 19:00:00,154.02650957411055
2011-12-22 20:00:00,131.42074042491788
2011-12-22 21:00:00,131.42074042491788
2011-12-22 22:00:00,80.10091075660523
2011-12-22 23:00:00,169.18259368664766
2011-12-23 00:00:00,99.50847898590307
2011-12-23 01:00:00,99.50847898590307
2011-12-23 02:00:00,68.2924827042724
2011-12-23 03:00:00,68.2924827042724
2011-12-23 04:00:00,8.831249735394252
2011-12-23 05:00:00,61.78004433710674
2011-12-23 06:00:00,130.91335360833008
2011-12-23 07:00:00,120.99601376064143
2011-12-23 08:00:00,123.78333772505344
2011-12-23 09:00:00,140.33062315188062
2011-12-23 10:00:00,157.79060399445092
2011-12-23 11:00:00,159.11708095179563
2011-12-23 12:00:00,199.32736583646724
2011-12-23 13:00:00,153.2699601777533
2011-12-23 14:00:00,176.48966029326667
2011-12-23 15:00:00,162.03786852627124
2011-12-23 16:00:00,134.4037632326436
2011-12-23 17:00:00,128.09735763768347
2011-12-23 18:00:00,131.9305699498961
2011-12-23 19:00:00,110.16982278753204
2011-12-23 20:00:00,146.0983810812584
2011-12-23 21:00:00,122.09044823085424
2011-12-23 22:00:00,70.94966979170952
2011-12-23 23:00:00,77.33706800924183
2011-12-24 00:00:00,114.04321527157865
2011-12-24 01:00:00,123.2592697303876
2011-12-24 02:00:00,113.42204177831299
2011-12-24 03:00:00,118.61026597941891
2011-12-24 04:00:00,118.06988177625101
2011-12-24 05:00:00,118.06988177625101
2011-12-24 06:00:00,95.63387454427698
2011-12-24 07:00:00,68.8581344906317
2011-12-24 08:00:00,53.748002379793206
2011-12-24 09:00:00,102.44138653595124
2011-12-24 10:00:00,112.89578235553205
2011-12-24 11:00:00,130.8030714035999
2011-12-24 12:00:00,152.5630446745365
2011-12-24 13:00:00,150.89467255434434
2011-12-24 14:00:00,150.89467255434434
2011-12-24 15:00:00,119.68822786111977
2011-12-24 16:00:00,142.6342142917381
2011-12-24 17:00:00,79.27797340574237
2011-12-24 18:00:00,119.44445377678446
2011-12-24 19:00:00,79.92752729359533
2011-12-24 20:00:00,46.56734415802552
2011-12-24 21:00:00,56.46779075097399
2011-12-24 22:00:00,42.61159282658443
2011-12-24 23:00:00,22.78467922772913
2011-12-25 00:00:00,66.22470360443639
2011-12-25 01:00:00,29.57629075827019
2011-12-25 02:00:00,18.12251875763724
2011-12-25 03:00:00,20.884246062522443
2011-12-25 05:00:00,50.50767847519265
2011-12-25 06:00:00,50.50767847519265
2011-12-25 07:00:00,41.10322409832777
2011-12-25 08:00:00,54.02906809676804
2011-12-25 09:00:00,48.82850509783297
2011-12-25 10:00:00,60.08598587261542
2011-12-25 11:00:00,62.614323611813326
2011-12-25 12:00:00,62.38269241293383
2011-12-25 13:00:00,85.62486162875513
2011-12-25 14:00:00,109.42674476985181
2011-12-25 15:00:00,93.68215591215191
2011-12-25 16:00:00,112.5356599270106
2011-12-25 17:00:00,86.47421073057816
2011-12-25 18:00:00,71.60793451344838
2011-12-25 19:00:00,101.03024522203043
2011-12-25 20:00:00,108.58125946148135
2011-12-25 21:00:00,70.57526555160231
2011-12-25 22:00:00,68.47876960522227
2011-12-25 23:00:00,38.3900676974594
2011-12-26 00:00:00,58.609214075388024
2011-12-26 01:00:00,72.09107563768356
2011-12-26 02:00:00,94.15754653844044
2011-12-26 04:00:00,101.82232183147374
2011-12-26 05:00:00,123.70641969552285
2011-12-26 06:00:00,96.96850265279
2011-12-26 07:00:00,86.05120197787423
2011-12-26 08:00:00,88.47030127552577
2011-12-26 09:00:00,101.82232183147374
2011-12-26 10:00:00,138.33525965234503
2011-12-26 11:00:00,79.91113116912791
2011-12-26 12:00:00,120.17768122237399
2011-12-26 13:00:00,142.9363077542895
2011-12-26 14:00:00,142.11865316966453
2011-12-26 15:00:00,142.05222005961497
2011-12-26 16:00:00,147.36702892644095
2011-12-26 17:00:00,94.15754653844044
2011-12-26 18:00:00,70.43463578366809
2011-12-26 19:00:00,23.14875866334534
2011-12-26 20:00:00,39.99127591663011
2011-12-26 21:00:00,30.822250136200672
2011-12-26 22:00:00,30.822250136200672
2011-12-26 23:00:00,51.08859962629117
2011-12-27 00:00:00,83.4127858344267
2011-12-27 01:00:00,85.99377486916325
2011-12-27 02:00:00,85.99377486916325
2011-12-27 03:00:00,130.41751414402222
2011-12-27 04:00:00,118.81829392748374
2011-12-27 05:00:00,111.11458717327562
2011-12-27 06:00:00,135.52111029599448
2011-12-27 07:00:00,113.90688478241415
2011-12-27 08:00:00,113.52967107837021
2011-12-27 09:00:00,76.22508951025765
2011-12-27 10:00:00,92.85182590378149
2011-12-27 11:00:00,76.22508951025765
2011-12-27 12:00:00,94.4711660872219
2011-12-27 13:00:00,90.63086063718032
2011-12-27 14:00:00,59.980072557614584
2011-12-27 15:00:00,59.980072557614584
2011-12-27 16:00:00,43.32375079172384
2011-12-27 17:00:00,125.48756516672998
2011-12-27 18:00:00,105.26896705311573
2011-12-27 19:00:00,84.83384289311752
2011-12-27 20:00:00,79.5896093740757
2011-12-27 21:00:00,82.68855563149106
2011-12-27 22:00:00,82.68855563149106
2011-12-27 23:00:00,75.96205929578238
2011-12-28 00:00:00,89.6005751635472
2011-12-28 01:00:00,95.6433572369483
2011-12-28 02:00:00,117.0355454743755
2011-12-28 03:00:00,117.0355454743755
2011-12-28 05:00:00,137.32577883452592
2011-12-28 06:00:00,112.47989291022664
2011-12-28 07:00:00,112.47989291022664
2011-12-28 08:00:00,137.32577883452592
2011-12-28 09:00:00,128.93358984675422
2011-12-28 10:00:00,126.33023675128726
2011-12-28 11:00:00,156.8647191604599
2011-12-28 12:00:00,115.04457773531215
2011-12-28 13:00:00,134.8035647078635
2011-12-28 14:00:00,139.33255833349403
2011-12-28 15:00:00,119.94551608749038
2011-12-28 16:00:00,118.29186688973256
2011-12-28 17:00:00,129.64031044944562
2011-12-28 18:00:00,136.39553348815798
2011-12-28 19:00:00,98.91900827315675
2011-12-28 20:00:00,91.81479691597701
2011-12-28 21:00:00,87.23757225705307
2011-12-28 22:00:00,76.1208310817256
2011-12-28 23:00:00,76.89309623959235
2011-12-29 00:00:00,84.7874417157912
2011-12-29 01:00:00,77.4681309825469
2011-12-29 02:00:00,80.99888669421503
2011-12-29 03:00:00,87.38738671977826
2011-12-29 04:00:00,99.99426357163509
2011-12-29 05:00:00,89.84790878471982
2011-12-29 06:00:00,59.450558468373956
2011-12-29 07:00:00,46.44430842503516
2011-12-29 08:00:00,93.7249725493148
2011-12-29 09:00:00,81.7097235302702
2011-12-29 10:00:00,92.77075320128802
2011-12-29 11:00:00,99.33010337593933
2011-12-29 12:00:00,97.66486997035267
2011-12-29 13:00:00,92.81155555399042
2011-12-29 14:00:00,91.10502495733184
2011-12-29 15:00:00,95.58779510484028
2011-12-29 16:00:00,110.03313667057658
2011-12-29 17:00:00,117.54709790818572
2011-12-29 18:00:00,102.9401123922131
2011-12-29 19:00:00,111.0824774733735
2011-12-29 20:00:00,76.33005399438017
2011-12-29 21:00:00,120.343511433285
2011-12-29 22:00:00,85.63158589129705
2011-12-29 23:00:00,98.17338941342544
2011-12-30 00:00:00,93.50871006694004
2011-12-30 01:00:00,49.28008683084433
2011-12-30 02:00:00,81.30125785922772
2011-12-30 03:00:00,81.30125785922772
2011-12-30 04:00:00,60.245066034177285
2011-12-30 05:00:00,48.56557995721989
2011-12-30 06:00:00,60.245066034177285
2011-12-30 07:00:00,62.7343051239308
2011-12-30 08:00:00,109.84999689988817
2011-12-30 09:00:00,84.9644133166919
2011-12-30 10:00:00,101.32974786649211
2011-12-30 11:00:00,70.94966979170952
2011-12-30 12:00:00,132.3749175519207
2011-12-30 13:00:00,131.72065594231594
2011-12-30 14:00:00,131.98958968704665
2011-12-30 15:00:00,169.41491915435773
2011-12-30 16:00:00,165.31259964905203
2011-12-30 17:00:00,142.84258652633926
2011-12-30 18:00:00,119.93037695550657
2011-12-30 19:00:00,112.86086885216676
2011-12-30 20:00:00,108.76264552022978
2011-12-30 21:00:00,112.19017362336486
2011-12-30 22:00:00,131.41152293705386
2011-12-30 23:00:00,98.99148874487783
2011-12-31 00:00:00,123.13251996511272
2011-12-31 01:00:00,133.43357079076364
2011-12-31 02:00:00,133.43357079076364
2011-12-31 03:00:00,133.43357079076364
2011-12-31 04:00:00,87.97521871027038
2011-12-31 05:00:00,110.84233201864134
2011-12-31 06:00:00,161.90144982256803
2011-12-31 07:00:00,104.22477607447577
2011-12-31 08:00:00,95.18126927548883
2011-12-31 09:00:00,78.85669416417902
2011-12-31 10:00:00,87.3155992536887
2011-12-31 11:00:00,120.32887489794729
2011-12-31 12:00:00,305.43782867604375
2011-12-31 13:00:00,266.45808541308816
2011-12-31 14:00:00,181.7633330152585
2011-12-31 15:00:00,183.9706429447952
2011-12-31 16:00:00,144.89208482439017
2011-12-31 17:00:00,146.72817233183133
2011-12-31 18:00:00,144.69879312411774
2011-12-31 19:00:00,155.33727516790813
2011-12-31 20:00:00,155.33727516790813
2011-12-31 21:00:00,122.92548314737539
2011-12-31 22:00:00,102.94899391194399
2011-12-31 23:00:00,68.64101646746484
2012-01-20 00:00:00,147.94374722314382
2012-01-20 01:00:00,86.7098265007013
2012-01-20 02:00:00,86.7098265007013
2012-01-20 03:00:00,69.30886503716476
2012-01-20 04:00:00,86.21357155613278
2012-01-20 05:00:00,86.21357155613278
2012-01-20 06:00:00,103.78160807108043
2012-01-20 07:00:00,65.67216401863283
2012-01-20 08:00:00,92.16480460514019
2012-01-20 09:00:00,80.6513128047564
2012-01-20 10:00:00,85.79946702702037
2012-01-20 11:00:00,108.02155501066096
2012-01-20 12:00:00,101.98965464606962
2012-01-20 13:00:00,121.37930675356185
2012-01-20 14:00:00,110.08549290261118
2012-01-20 15:00:00,114.56311688869788
2012-01-20 16:00:00,103.92085007602148
2012-01-20 17:00:00,114.24289275728296
2012-01-20 18:00:00,90.59852838130354
2012-01-20 19:00:00,102.06591141290191
2012-01-20 20:00:00,90.59852838130354
2012-01-20 21:00:00,90.51382749704328
2012-01-20 22:00:00,80.45862445706692
2012-01-20 23:00:00,31.683227248172393
2012-01-21 00:00:00,18.496495743605976
2012-01-21 01:00:00,46.62543354864599
2012-01-21 02:00:00,22.773996160079953
2012-01-21 03:00:00,1.9987871293683384
2012-01-21 04:00:00,26.45497410070685
2012-01-21 05:00:00,32.25330540969329
2012-01-21 06:00:00,25.758171179937897
2012-01-21 07:00:00,25.758171179937897
2012-01-21 08:00:00,25.33379186756472
2012-01-21 09:00:00,25.33379186756472
2012-01-21 10:00:00,7.002863203197741
2012-01-21 11:00:00,48.62106471257699
2012-01-21 12:00:00,64.89978515010226
2012-01-21 13:00:00,57.78253133514979
2012-01-21 14:00:00,30.7232289444621
2012-01-21 15:00:00,30.7232289444621
2012-01-21 16:00:00,33.44978154007075
2012-01-21 17:00:00,35.0352934419427
2012-01-21 18:00:00,37.74609353352891
2012-01-21 19:00:00,20.835117845572725
2012-01-21 20:00:00,21.14905739206943
2012-01-21 21:00:00,24.610354862454166
2012-01-21 22:00:00,24.35857221513282
2012-01-21 23:00:00,31.426511279016786
2012-01-22 00:00:00,22.736714877729774
2012-01-22 01:00:00,24.35857221513282
2012-01-22 02:00:00,36.10474742517101
2012-01-22 03:00:00,40.57087774819199
2012-01-22 04:00:00,0.0
2012-01-22 05:00:00,23.995614352654485
2012-01-22 06:00:00,33.203789337487805
2012-01-22 07:00:00,33.203789337487805
2012-01-22 08:00:00,33.203789337487805
2012-01-22 09:00:00,33.203789337487805
2012-01-22 10:00:00,24.965265938813257
2012-01-22 11:00:00,6.232113039760783
2012-01-22 12:00:00,33.94297667725486
2012-01-22 13:00:00,43.7891186796865
2012-01-22 14:00:00,40.142208735038125
2012-01-22 15:00:00,30.44756700303398
2012-01-22 16:00:00,30.44756700303398
2012-01-22 17:00:00,45.892000724022665
2012-01-22 18:00:00,32.25330540969329
2012-01-22 19:00:00,32.25330540969329
2012-01-22 20:00:00,27.49684764173221
2012-01-22 21:00:00,32.25330540969329
2012-01-22 22:00:00,15.839353387153345
2012-01-22 23:00:00,31.62869966534206
2012-01-23 00:00:00,70.01498258528633
2012-01-23 01:00:00,88.69880522308452
2012-01-23 02:00:00,88.69880522308452
2012-01-23 03:00:00,70.01498258528633
2012-01-23 04:00:00,97.23919671987053
2012-01-23 05:00:00,88.718912075845
2012-01-23 06:00:00,88.718912075845
2012-01-23 07:00:00,93.03863782301363
2012-01-23 08:00:00,69.76883684803724
2012-01-23 09:00:00,82.58486586947338
2012-01-23 10:00:00,73.8679654217564
2012-01-23 11:00:00,72.95180249196684
2012-01-23 12:00:00,73.6707184695006
2012-01-23 13:00:00,51.02010324337048
2012-01-23 14:00:00,40.23396058007652
2012-01-23 15:00:00,58.16196053867209
2012-01-23 16:00:00,76.92299652417532
2012-01-23 17:00:00,86.95650471931341
2012-01-23 18:00:00,79.47509571635776
2012-01-23 19:00:00,79.44791076119614
2012-01-23 20:00:00,72.05188109861363
2012-01-23 21:00:00,58.88193710828345
2012-01-23 22:00:00,58.88193710828345
2012-01-23 23:00:00,32.63252696430798
2012-01-24 00:00:00,50.625995853090615
2012-01-24 01:00:00,71.91236132530715
2012-01-24 02:00:00,82.52933542584066
2012-01-24 03:00:00,86.81399592054375
2012-01-24 04:00:00,157.72923056477498
2012-01-24 05:00:00,157.72923056477498
2012-01-24 06:00:00,77.53761666625178
2012-01-24 07:00:00,86.81399592054375
2012-01-24 08:00:00,86.81399592054375
2012-01-24 09:00:00,110.9876858870538
2012-01-24 10:00:00,79.5896093740757
2012-01-24 11:00:00,93.96498363969108
2012-01-24 12:00:00,84.83384289311752
2012-01-24 13:00:00,84.83384289311752
2012-01-24 14:00:00,105.60447039014093
2012-01-24 15:00:00,151.7768834261675
2012-01-24 16:00:00,134.13624437832692
2012-01-24 17:00:00,109.44502815550538
2012-01-24 18:00:00,116.97940860329582
2012-01-24 19:00:00,142.40939856244995
2012-01-24 20:00:00,103.40765708302257
2012-01-24 21:00:00,118.10609421803285
2012-01-24 22:00:00,116.21317012560178
2012-01-24 23:00:00,103.40765708302257
2012-01-25 00:00:00,92.49187484341596
2012-01-25 01:00:00,87.69281864474885
2012-01-25 02:00:00,81.94640619601103
2012-01-25 03:00:00,74.28763276954538
2012-01-25 04:00:00,76.35606546518186
2012-01-25 05:00:00,76.35606546518186
2012-01-25 06:00:00,103.30149745148273
2012-01-25 07:00:00,91.99709111268484
2012-01-25 08:00:00,98.03691577355411
2012-01-25 09:00:00,98.03691577355411
2012-01-25 10:00:00,84.94096627894379
2012-01-25 11:00:00,135.52111029599448
2012-01-25 12:00:00,118.10425822842339
2012-01-25 13:00:00,138.8448120885211
2012-01-25 14:00:00,117.52973159961661
2012-01-25 15:00:00,138.27676270828928
2012-01-25 16:00:00,120.80006086888432
2012-01-25 17:00:00,132.0038710532495
2012-01-25 18:00:00,77.33706800924183
2012-01-25 19:00:00,91.50364207798467
2012-01-25 20:00:00,115.53712379305762
2012-01-25 21:00:00,67.35101637927528
2012-01-25 22:00:00,59.588269374418545
2012-01-25 23:00:00,74.53379049046882
2012-01-26 00:00:00,122.14343363389338
2012-01-26 01:00:00,116.80781863203552
2012-01-26 02:00:00,114.14230335694756
2012-01-26 03:00:00,110.34088241627013
2012-01-26 04:00:00,93.73838699590729
2012-01-26 05:00:00,118.07858934938902
2012-01-26 06:00:00,118.42368867272994
2012-01-26 07:00:00,113.42525601024694
2012-01-26 08:00:00,113.42525601024694
2012-01-26 09:00:00,121.88777241799957
2012-01-26 10:00:00,117.74074158783864
2012-01-26 11:00:00,106.91430301459698
2012-01-26 12:00:00,136.5306860856137
2012-01-26 13:00:00,156.00071588654902
2012-01-26 14:00:00,169.14849544552322
2012-01-26 15:00:00,188.80601112144024
2012-01-26 16:00:00,161.11359151484635
2012-01-26 17:00:00,190.15747378871086
2012-01-26 18:00:00,190.15747378871086
2012-01-26 19:00:00,164.3015178630183
2012-01-26 20:00:00,167.89624545192453
2012-01-26 21:00:00,164.3015178630183
2012-01-26 22:00:00,138.29625731410894
2012-01-26 23:00:00,180.00998320491553
2012-01-27 00:00:00,116.56173772340674
2012-01-27 01:00:00,130.55582265671964
2012-01-27 02:00:00,126.61786667449914
2012-01-27 03:00:00,78.94627881466644
2012-01-27 04:00:00,43.29763780319986
2012-01-27 05:00:00,42.329647066561044
2012-01-27 06:00:00,45.09505642141395
2012-01-27 07:00:00,63.32655827517819
2012-01-27 08:00:00,77.49593963382246
2012-01-27 09:00:00,77.49593963382246
2012-01-27 10:00:00,73.47577563277697
2012-01-27 11:00:00,128.2350732508712
2012-01-27 12:00:00,166.52281655037245
2012-01-27 13:00:00,192.4079422654274
2012-01-27 14:00:00,243.62361283754396
2012-01-27 15:00:00,159.74298730652498
2012-01-27 16:00:00,166.44636017738736
2012-01-27 17:00:00,169.6482714582074
2012-01-27 18:00:00,151.47102801688695
2012-01-27 19:00:00,128.78976774332222
2012-01-27 20:00:00,124.9883838143744
2012-01-27 21:00:00,129.92377903207924
2012-01-27 22:00:00,116.37970860146424
2012-01-27 23:00:00,104.22919211867027
2012-01-28 00:00:00,105.43397031561062
2012-01-28 01:00:00,88.619696820443
2012-01-28 02:00:00,29.771634308722717
2012-01-28 03:00:00,32.01150131849209
2012-01-28 04:00:00,63.24135523655126
2012-01-28 05:00:00,28.59898748364778
2012-01-28 06:00:00,32.420656908635365
2012-01-28 07:00:00,19.03078636015619
2012-01-28 08:00:00,22.84108239258169
2012-01-28 09:00:00,20.378145851178992
2012-01-28 10:00:00,47.58686272633375
2012-01-28 11:00:00,70.57526555160231
2012-01-28 12:00:00,98.8481582946665
2012-01-28 13:00:00,124.72858596779238
2012-01-28 14:00:00,109.25566301201539
2012-01-28 15:00:00,156.54231205789537
2012-01-28 16:00:00,194.38440790854006
2012-01-28 17:00:00,184.1902189656423
2012-01-28 18:00:00,196.63636215797868
2012-01-28 19:00:00,231.20078497470817
2012-01-28 20:00:00,173.24065209775196
2012-01-28 21:00:00,174.0937974695254
2012-01-28 22:00:00,162.22875848464423
2012-01-28 23:00:00,170.08730790388637
2012-01-29 00:00:00,114.16688794082613
2012-01-29 01:00:00,93.68100816022945
2012-01-29 02:00:00,99.33566238547037
2012-01-29 03:00:00,109.52086933375817
2012-01-29 04:00:00,139.089725056293
2012-01-29 05:00:00,43.895147846168214
2012-01-29 06:00:00,77.79851950332454
2012-01-29 07:00:00,89.56503281523342
2012-01-29 08:00:00,69.5917480400635
2012-01-29 09:00:00,57.44039082356477
2012-01-29 10:00:00,71.94177164579995
2012-01-29 11:00:00,90.95748886100225
2012-01-29 12:00:00,151.86444792208616
2012-01-29 13:00:00,151.86444792208616
2012-01-29 14:00:00,176.94020763073792
2012-01-29 15:00:00,227.7509015491986
2012-01-29 16:00:00,120.5912787196356
2012-01-29 17:00:00,120.5912787196356
2012-01-29 18:00:00,169.1218963830109
2012-01-29 19:00:00,165.30188948962325
2012-01-29 20:00:00,102.73692315947582
2012-01-29 21:00:00,156.97841910835555
2012-01-29 22:00:00,134.00082968488164
2012-01-29 23:00:00,149.0881198777143
2012-01-30 00:00:00,138.66843851366184
2012-01-30 01:00:00,138.71037380890232
2012-01-30 02:00:00,108.36786225959793
2012-01-30 03:00:00,89.91120947656415
2012-01-30 04:00:00,79.34975341367073
2012-01-30 05:00:00,79.34975341367073
2012-01-30 06:00:00,76.89309623959235
2012-01-30 07:00:00,70.79102909220677
2012-01-30 08:00:00,75.52120848183992
2012-01-30 09:00:00,75.52120848183992
2012-01-30 10:00:00,72.35517011768425
2012-01-30 11:00:00,107.502927816149
2012-01-30 12:00:00,143.0713673057947
2012-01-30 13:00:00,156.1018811428256
2012-01-30 14:00:00,187.76605650012107
2012-01-30 15:00:00,184.5016304421781
2012-01-30 16:00:00,200.05993269193664
2012-01-30 17:00:00,184.15864616981676
2012-01-30 18:00:00,186.3248403177057
2012-01-30 19:00:00,136.2977643419593
2012-01-30 20:00:00,151.13535780969568
2012-01-30 21:00:00,156.0865149326336
2012-01-30 22:00:00,95.36289645110969
2012-01-30 23:00:00,94.28200871412932
2012-01-31 00:00:00,89.55834682335797
2012-01-31 01:00:00,128.87185007339977
2012-01-31 02:00:00,124.65670010893237
2012-01-31 03:00:00,112.57579535403559
2012-01-31 04:00:00,102.37329635544083
2012-01-31 05:00:00,102.37329635544083
2012-01-31 06:00:00,92.16678021360352
2012-01-31 07:00:00,94.28200871412932
2012-01-31 08:00:00,88.31418442208104
2012-01-31 09:00:00,92.25994184386177
2012-01-31 10:00:00,135.00727392393642
2012-01-31 11:00:00,183.82199318272177
2012-01-31 12:00:00,194.44578730422936
2012-01-31 13:00:00,205.85858945664978
2012-01-31 14:00:00,280.2407478671076
2012-01-31 15:00:00,196.75514119094447
2012-01-31 16:00:00,196.75514119094447
2012-01-31 17:00:00,209.33511160023266
2012-01-31 18:00:00,225.8630867445895
2012-01-31 19:00:00,312.0367181650423
2012-01-31 20:00:00,129.90058532503002
2012-01-31 21:00:00,247.07890315523775
2012-01-31 22:00:00,225.54495816459325
2012-01-31 23:00:00,209.62535712467417
2012-02-20 00:00:00,60.13810745959698
2012-02-20 01:00:00,60.13810745959698
2012-02-20 02:00:00,60.13810745959698
2012-02-20 03:00:00,85.60146816935944
2012-02-20 05:00:00,114.62812424643403
2012-02-20 06:00:00,114.2794229500438
2012-02-20 07:00:00,100.13012692519199
2012-02-20 08:00:00,102.22508071895591
2012-02-20 09:00:00,102.22508071895591
2012-02-20 10:00:00,118.34778564803725
2012-02-20 11:00:00,90.49238715746726
2012-02-20 12:00:00,80.52085149027953
2012-02-20 13:00:00,112.23003065356139
2012-02-20 14:00:00,106.24697639763833
2012-02-20 15:00:00,97.62710441886954
2012-02-20 16:00:00,157.48351720710502
2012-02-20 17:00:00,190.3036883957463
2012-02-20 18:00:00,97.62710441886954
2012-02-20 19:00:00,97.62710441886954
2012-02-20 20:00:00,125.37161793343198
2012-02-20 21:00:00,92.97559663635806
2012-02-20 22:00:00,67.59741629227861
2012-02-20 23:00:00,95.99932795455754
2012-02-21 00:00:00,48.28328708363579
2012-02-21 01:00:00,68.24951422857245
2012-02-21 02:00:00,56.480595206896005
2012-02-21 04:00:00,42.20859111395103
2012-02-21 05:00:00,42.910778773352284
2012-02-21 06:00:00,55.22801500547082
2012-02-21 07:00:00,42.20859111395103
2012-02-21 08:00:00,55.02910924407364
2012-02-21 09:00:00,96.89406172538611
2012-02-21 10:00:00,96.05794410208232
2012-02-21 11:00:00,93.38504965829178
2012-02-21 12:00:00,118.79549550312215
2012-02-21 13:00:00,115.00733124108712
2012-02-21 14:00:00,160.32459575961127
2012-02-21 15:00:00,115.00733124108712
2012-02-21 16:00:00,149.33508225876452
2012-02-21 17:00:00,184.23642217291265
2012-02-21 18:00:00,184.23642217291265
2012-02-21 19:00:00,145.49312632368242
2012-02-21 20:00:00,106.67503795731534
2012-02-21 21:00:00,126.49721440298711
2012-02-21 22:00:00,126.4356115871013
2012-02-21 23:00:00,86.0195925553254
2012-02-22 00:00:00,86.0195925553254
2012-02-22 01:00:00,100.5306368221073
2012-02-22 02:00:00,75.74959016737984
2012-02-22 03:00:00,120.69582394099851
2012-02-22 04:00:00,100.41040653905328
2012-02-22 05:00:00,102.13449134588285
2012-02-22 06:00:00,95.6433572369483
2012-02-22 07:00:00,90.12852288840688
2012-02-22 08:00:00,86.98417274101632
2012-02-22 09:00:00,90.00797056123596
2012-02-22 10:00:00,97.95460932436846
2012-02-22 11:00:00,88.55094780764098
2012-02-22 12:00:00,132.26109859529123
2012-02-22 13:00:00,161.6943936815609
2012-02-22 14:00:00,156.02134374879023
2012-02-22 15:00:00,247.62433552716118
2012-02-22 16:00:00,198.6012884050356
2012-02-22 17:00:00,264.5029248447338
2012-02-22 18:00:00,168.88470847092364
2012-02-22 19:00:00,154.23858816448066
2012-02-22 20:00:00,153.4339311230638
2012-02-22 21:00:00,204.15280512713906
2012-02-22 22:00:00,141.8265729865586
2012-02-22 23:00:00,151.2725555292837
2012-02-23 00:00:00,141.8265729865586
2012-02-23 01:00:00,118.08695730353749
2012-02-23 02:00:00,152.35951185353034
2012-02-23 03:00:00,113.65819088704835
2012-02-23 04:00:00,113.86393259925957
2012-02-23 05:00:00,113.86393259925957
2012-02-23 06:00:00,87.48257148047678
2012-02-23 07:00:00,105.60447039014093
2012-02-23 08:00:00,78.23545558487405
2012-02-23 09:00:00,116.80978934539635
2012-02-23 10:00:00,119.0365109734892
2012-02-23 11:00:00,174.57698929573343
2012-02-23 12:00:00,211.63108847216967
2012-02-23 13:00:00,252.01221420271855
2012-02-23 14:00:00,236.8286828389093
2012-02-23 15:00:00,282.6026980608749
2012-02-23 16:00:00,306.8055593143804
2012-02-23 17:00:00,278.592314852046
2012-02-23 18:00:00,268.12056607097014
2012-02-23 19:00:00,207.00876709288755
2012-02-23 20:00:00,195.91283978101325
2012-02-23 21:00:00,155.26949245575867
2012-02-23 22:00:00,155.57821846923588
2012-02-23 23:00:00,140.00650254281697
2012-02-24 00:00:00,128.93962826203784
2012-02-24 01:00:00,149.30440790740818
2012-02-24 02:00:00,74.54361415064382
2012-02-24 03:00:00,167.33296006811221
2012-02-24 04:00:00,119.89078232564735
2012-02-24 05:00:00,134.81997348166203
2012-02-24 06:00:00,137.77116865039844
2012-02-24 07:00:00,132.58626970052325
2012-02-24 08:00:00,69.0518405475276
2012-02-24 09:00:00,64.81199866313918
2012-02-24 10:00:00,97.05530367277386
2012-02-24 11:00:00,150.3915479157766
2012-02-24 12:00:00,156.27167581748975
2012-02-24 13:00:00,188.80601112144024
2012-02-24 14:00:00,144.98130096054584
2012-02-24 15:00:00,99.50847898590307
2012-02-24 16:00:00,99.50847898590307
2012-02-24 17:00:00,97.04876557658994
2012-02-24 18:00:00,127.0637586082828
2012-02-24 19:00:00,182.47179345548705
2012-02-24 20:00:00,174.625006147319
2012-02-24 21:00:00,172.65317219442858
2012-02-24 22:00:00,206.82913868585555
2012-02-24 23:00:00,76.09084059053464
2012-02-25 00:00:00,169.60688454442968
2012-02-25 01:00:00,157.3520720900238
2012-02-25 02:00:00,126.9768901772681
2012-02-25 03:00:00,116.960133949842
2012-02-25 04:00:00,135.5581894285675
2012-02-25 05:00:00,138.77728599459613
2012-02-25 06:00:00,138.77728599459613
2012-02-25 07:00:00,86.7267302787516
2012-02-25 08:00:00,96.24572953655517
2012-02-25 09:00:00,18.319065836835605
2012-02-25 10:00:00,95.60594477926847
2012-02-25 11:00:00,125.92592625533905
2012-02-25 12:00:00,123.47913678838893
2012-02-25 13:00:00,126.54870789689724
2012-02-25 14:00:00,112.5609599876282
2012-02-25 15:00:00,117.62368862547373
2012-02-25 16:00:00,100.64441391322853
2012-02-25 17:00:00,144.96774761715707
2012-02-25 18:00:00,78.77379536667038
2012-02-25 19:00:00,124.59156466291344
2012-02-25 20:00:00,97.04680790731845
2012-02-25 21:00:00,122.07657207609874
2012-02-25 22:00:00,103.08699666730038
2012-02-25 23:00:00,98.52975060223669
2012-02-26 00:00:00,107.70724807092107
2012-02-26 01:00:00,102.72932591836728
2012-02-26 02:00:00,102.72932591836728
2012-02-26 03:00:00,91.11415337394837
2012-02-26 04:00:00,91.11415337394837
2012-02-26 05:00:00,76.13307109432819
2012-02-26 06:00:00,87.9683328093474
2012-02-26 07:00:00,71.83457746328007
2012-02-26 08:00:00,70.34550547966118
2012-02-26 09:00:00,70.90693882746821
2012-02-26 10:00:00,80.72951552542747
2012-02-26 11:00:00,111.5829141959286
2012-02-26 12:00:00,104.10952849652506
2012-02-26 13:00:00,161.77145559771347
2012-02-26 14:00:00,221.8557310926024
2012-02-26 15:00:00,219.8505716658094
2012-02-26 16:00:00,188.10945091826957
2012-02-26 17:00:00,156.88958119420062
2012-02-26 18:00:00,162.13505589954838
2012-02-26 19:00:00,154.52109582587764
2012-02-26 20:00:00,133.3659784407039
2012-02-26 21:00:00,94.75978624002889
2012-02-26 22:00:00,117.3544231568006
2012-02-26 23:00:00,56.46779075097399
2012-02-27 00:00:00,95.12262962822246
2012-02-27 01:00:00,87.79965428986411
2012-02-27 02:00:00,83.19122597740726
2012-02-27 03:00:00,80.32607708860266
2012-02-27 04:00:00,86.87596754045524
2012-02-27 05:00:00,86.87596754045524
2012-02-27 06:00:00,98.03691577355411
2012-02-27 07:00:00,110.49502508829674
2012-02-27 08:00:00,55.320115684995535
2012-02-27 09:00:00,94.28200871412932
2012-02-27 10:00:00,124.38965357639799
2012-02-27 11:00:00,183.46184780850768
2012-02-27 12:00:00,188.75964960025257
2012-02-27 13:00:00,189.1665800793807
2012-02-27 14:00:00,215.30446421358894
2012-02-27 15:00:00,198.3069169700337
2012-02-27 16:00:00,196.75514119094447
2012-02-27 17:00:00,195.9758333952517
2012-02-27 18:00:00,187.84229108846299
2012-02-27 19:00:00,311.89467190095814
2012-02-27 20:00:00,276.294860909237
2012-02-27 21:00:00,215.30446421358894
2012-02-27 22:00:00,185.53531650557952
2012-02-27 23:00:00,163.12602822467701
2012-02-28 00:00:00,160.21176765391812
2012-02-28 01:00:00,130.9908828089318
2012-02-28 02:00:00,139.6366710021386
2012-02-28 03:00:00,213.27117885710854
2012-02-28 04:00:00,151.23569560693372
2012-02-28 05:00:00,151.23569560693372
2012-02-28 06:00:00,118.99867894172004
2012-02-28 07:00:00,101.06269984275161
2012-02-28 08:00:00,73.60908737708533
2012-02-28 09:00:00,116.4132606949863
2012-02-28 10:00:00,128.87185007339977
2012-02-28 11:00:00,150.81323496201412
2012-02-28 12:00:00,192.0463339766693
2012-02-28 13:00:00,214.33370504113492
2012-02-28 14:00:00,191.23557308319533
2012-02-28 15:00:00,198.82092943874918
2012-02-28 16:00:00,200.42199667445857
2012-02-28 17:00:00,198.82092943874918
2012-02-28 18:00:00,221.46632414027107
2012-02-28 19:00:00,195.78023559238727
2012-02-28 20:00:00,203.73145562644874
2012-02-28 21:00:00,139.95849515864154
2012-02-28 22:00:00,139.95849515864154
2012-02-28 23:00:00,125.9748057815687
2012-02-29 00:00:00,116.18826160708224
2012-02-29 01:00:00,131.92512493295106
2012-02-29 02:00:00,94.02242143487689
2012-02-29 03:00:00,83.23249608219099
2012-02-29 05:00:00,76.70009704668647
2012-02-29 06:00:00,110.34088241627013
2012-02-29 07:00:00,114.78393282386486
2012-02-29 08:00:00,122.14343363389338
2012-02-29 09:00:00,77.2249598209677
2012-02-29 10:00:00,77.2249598209677
2012-02-29 11:00:00,76.09792523888447
2012-02-29 12:00:00,3.9445203570627783
2012-02-29 13:00:00,46.94359715881944
2012-02-29 14:00:00,46.94359715881944
2012-02-29 15:00:00,107.71545419598327
2012-02-29 16:00:00,94.43638903910028
2012-02-29 17:00:00,137.77116865039844
2012-02-29 18:00:00,169.18259368664766
2012-02-29 19:00:00,156.87982229682083
2012-02-29 20:00:00,112.70402314254261
2012-02-29 21:00:00,112.70402314254261
2012-02-29 22:00:00,30.069114665373874
2012-02-29 23:00:00,30.069114665373874
2012-03-20 00:00:00,205.7119662713411
2012-03-20 01:00:00,189.84499073289345
2012-03-20 02:00:00,165.1414456575987
2012-03-20 03:00:00,214.84664207553004
2012-03-20 04:00:00,181.19922824296324
2012-03-20 05:00:00,156.83102544309057
2012-03-20 06:00:00,137.87157821252373
2012-03-20 07:00:00,78.3378652878554
2012-03-20 08:00:00,194.76873150483925
2012-03-20 09:00:00,190.04857191690328
2012-03-20 10:00:00,158.47102905128045
2012-03-20 11:00:00,200.94586958160784
2012-03-20 12:00:00,258.79594420507726
2012-03-20 13:00:00,231.39471591261847
2012-03-20 14:00:00,246.0840689591361
2012-03-20 15:00:00,311.8412379142989
2012-03-20 16:00:00,307.642521209434
2012-03-20 17:00:00,244.70283208727636
2012-03-20 18:00:00,256.5526807046636
2012-03-20 19:00:00,227.05842616023213
2012-03-20 20:00:00,227.67251590808374
2012-03-20 21:00:00,220.12614670359676
2012-03-20 22:00:00,222.92373151959987
2012-03-20 23:00:00,198.47049454312634
2012-03-21 00:00:00,109.86466994800026
2012-03-21 01:00:00,120.84878609149409
2012-03-21 02:00:00,96.46190954114248
2012-03-21 03:00:00,150.17081816804682
2012-03-21 04:00:00,136.04778162677445
2012-03-21 05:00:00,136.04778162677445
2012-03-21 06:00:00,108.43341754355365
2012-03-21 07:00:00,64.72983307449194
2012-03-21 08:00:00,75.98728624509678
2012-03-21 09:00:00,147.69742818507277
2012-03-21 10:00:00,177.79984153143369
2012-03-21 11:00:00,177.79984153143369
2012-03-21 12:00:00,181.6748460327317
2012-03-21 13:00:00,177.12133495068161
2012-03-21 14:00:00,176.49709445848777
2012-03-21 15:00:00,176.49709445848777
2012-03-21 16:00:00,178.0421957303278
2012-03-21 17:00:00,174.1930988687209
2012-03-21 18:00:00,179.19414907585605
2012-03-21 19:00:00,245.6345521637413
2012-03-21 20:00:00,132.7367476494888
2012-03-21 21:00:00,140.30625784200566
2012-03-21 22:00:00,150.7562597784399
2012-03-21 23:00:00,164.09781320833537
2012-03-22 00:00:00,120.84878609149409
2012-03-22 01:00:00,120.84878609149409
2012-03-22 02:00:00,120.84878609149409
2012-03-22 03:00:00,120.84878609149409
2012-03-22 04:00:00,76.40252672435632
2012-03-22 05:00:00,76.40252672435632
2012-03-22 06:00:00,76.40252672435632
2012-03-22 07:00:00,76.40252672435632
2012-03-22 08:00:00,100.3054680601523
2012-03-22 09:00:00,100.3054680601523
2012-03-22 10:00:00,83.89053289398667
2012-03-22 11:00:00,123.12409331769385
2012-03-22 12:00:00,173.79153995101163
2012-03-22 13:00:00,140.4035999642631
2012-03-22 14:00:00,184.65635151750953
2012-03-22 15:00:00,243.92578670200123
2012-03-22 16:00:00,275.4533760875719
2012-03-22 17:00:00,253.40156079803026
2012-03-22 18:00:00,253.40156079803026
2012-03-22 19:00:00,175.50772134614405
2012-03-22 20:00:00,250.55581316348176
2012-03-22 21:00:00,175.89342241906905
2012-03-22 22:00:00,165.44025703750066
2012-03-22 23:00:00,129.04291813530543
2012-03-23 00:00:00,154.67128821885547
2012-03-23 01:00:00,120.23123937090438
2012-03-23 02:00:00,98.24045712443353
2012-03-23 03:00:00,106.92363981559974
2012-03-23 04:00:00,109.78654333992668
2012-03-23 05:00:00,107.34809838731934
2012-03-23 06:00:00,140.20662271061911
2012-03-23 07:00:00,109.61801260803401
2012-03-23 08:00:00,102.64674013437984
2012-03-23 09:00:00,137.5651461069183
2012-03-23 10:00:00,165.3734280193098
2012-03-23 11:00:00,225.4350528803935
2012-03-23 12:00:00,222.91663222513642
2012-03-23 13:00:00,272.82001360137787
2012-03-23 14:00:00,286.7195519769799
2012-03-23 15:00:00,313.4352772968386
2012-03-23 16:00:00,326.2500611922974
2012-03-23 17:00:00,326.2500611922974
2012-03-23 18:00:00,355.53861046582114
2012-03-23 19:00:00,277.2362290181421
2012-03-23 20:00:00,288.39841102349135
2012-03-23 21:00:00,214.47107752742068
2012-03-23 22:00:00,273.8874266038751
2012-03-23 23:00:00,232.61248217091946
2012-03-24 00:00:00,164.14557599834086
2012-03-24 01:00:00,129.13998702816082
2012-03-24 02:00:00,121.17975719550095
2012-03-24 03:00:00,121.17975719550095
2012-03-24 04:00:00,83.94297035960602
2012-03-24 05:00:00,155.1093483078594
2012-03-24 06:00:00,155.1093483078594
2012-03-24 07:00:00,110.10388468484098
2012-03-24 08:00:00,88.84296617508653
2012-03-24 09:00:00,139.6612131159515
2012-03-24 10:00:00,143.07238651228374
2012-03-24 11:00:00,88.84296617508653
2012-03-24 12:00:00,84.83936277473276
2012-03-24 13:00:00,75.5551326636955
2012-03-24 14:00:00,101.51327963907818
2012-03-24 15:00:00,30.505064061872957
2012-03-24 16:00:00,34.757623824619074
2012-03-24 17:00:00,96.72364901546152
2012-03-24 18:00:00,47.46980510970302
2012-03-24 19:00:00,65.93954052635598
2012-03-24 20:00:00,47.04225069547526
2012-03-24 21:00:00,47.04225069547526
2012-03-24 22:00:00,26.9754208558121
2012-03-24 23:00:00,58.42017286796362
2012-03-25 00:00:00,58.42017286796362
2012-03-25 01:00:00,46.042345073722146
2012-03-25 02:00:00,4.934518255224706
2012-03-25 03:00:00,6.292714558947612
2012-03-25 04:00:00,30.788226023447407
2012-03-25 05:00:00,43.3833724052722
2012-03-25 06:00:00,43.3833724052722
2012-03-25 07:00:00,28.745622794436073
2012-03-25 08:00:00,28.745622794436073
2012-03-25 09:00:00,47.80252979258091
2012-03-25 10:00:00,65.21925891431248
2012-03-25 11:00:00,47.80252979258091
2012-03-25 12:00:00,61.0448219728738
2012-03-25 13:00:00,114.9142186727544
2012-03-25 14:00:00,115.04306543280626
2012-03-25 15:00:00,108.89980797905596
2012-03-25 16:00:00,71.82469789900084
2012-03-25 17:00:00,88.23868989524459
2012-03-25 18:00:00,88.23868989524459
2012-03-25 19:00:00,148.1284102603572
2012-03-25 20:00:00,114.80611115599035
2012-03-25 21:00:00,99.629705482545
2012-03-25 22:00:00,84.46627948684937
2012-03-25 23:00:00,89.65704080309419
2012-03-26 00:00:00,172.3678777750365
2012-03-26 01:00:00,202.49454837977586
2012-03-26 02:00:00,103.23605411782114
2012-03-26 03:00:00,142.1805456530949
2012-03-26 04:00:00,142.6118791576224
2012-03-26 05:00:00,127.8928796271332
2012-03-26 06:00:00,123.86821393321344
2012-03-26 07:00:00,131.53593621935568
2012-03-26 08:00:00,145.95653871686764
2012-03-26 09:00:00,161.50978970479906
2012-03-26 10:00:00,280.43980014183546
2012-03-26 11:00:00,297.5452961008637
2012-03-26 12:00:00,346.90632942262096
2012-03-26 13:00:00,210.43511782335355
2012-03-26 14:00:00,278.6755859891677
2012-03-26 15:00:00,286.9371862556162
2012-03-26 16:00:00,307.15979496983397
2012-03-26 17:00:00,281.99283128106003
2012-03-26 18:00:00,269.15623752915025
2012-03-26 19:00:00,273.1858143487314
2012-03-26 20:00:00,259.4056097704544
2012-03-26 21:00:00,180.93907952470119
2012-03-26 22:00:00,203.01564839528837
2012-03-26 23:00:00,162.01531504667057
2012-03-27 00:00:00,138.59051786079257
2012-03-27 01:00:00,120.05070332425008
2012-03-27 02:00:00,107.38335047507505
2012-03-27 03:00:00,106.70695114553783
2012-03-27 04:00:00,142.71488365870442
2012-03-27 05:00:00,80.7913474568268
2012-03-27 06:00:00,93.64486349999937
2012-03-27 07:00:00,93.64486349999937
2012-03-27 08:00:00,124.45373073058447
2012-03-27 09:00:00,98.333694916078
2012-03-27 10:00:00,67.05626933910497
2012-03-27 11:00:00,165.71429767556793
2012-03-27 12:00:00,186.02571664324526
2012-03-27 13:00:00,139.97583924668712
2012-03-27 14:00:00,154.10474926404555
2012-03-27 15:00:00,180.22630311633435
2012-03-27 16:00:00,180.22630311633435
2012-03-27 17:00:00,213.06863004225897
2012-03-27 18:00:00,235.7609707595908
2012-03-27 19:00:00,241.37992492026947
2012-03-27 20:00:00,235.7609707595908
2012-03-27 21:00:00,153.59105260606185
2012-03-27 22:00:00,145.6401082858566
2012-03-27 23:00:00,159.0778053481903
2012-03-28 00:00:00,145.2535449505085
2012-03-28 01:00:00,153.34589936830454
2012-03-28 02:00:00,123.24489697160726
2012-03-28 03:00:00,168.40040881326217
2012-03-28 04:00:00,174.10215595603574
2012-03-28 05:00:00,174.10215595603574
2012-03-28 06:00:00,175.7204972439807
2012-03-28 07:00:00,172.15689177482037
2012-03-28 08:00:00,186.63870784321026
2012-03-28 09:00:00,220.8670167416912
2012-03-28 10:00:00,210.35329306680092
2012-03-28 11:00:00,245.77497228109772
2012-03-28 12:00:00,234.65495678021517
2012-03-28 13:00:00,299.17455718090844
2012-03-28 14:00:00,413.85784367596926
2012-03-28 15:00:00,281.8721457607729
2012-03-28 16:00:00,292.23163442675656
2012-03-28 17:00:00,265.2768359911824
2012-03-28 18:00:00,265.2768359911824
2012-03-28 19:00:00,198.23732139692552
2012-03-28 20:00:00,212.53927555106824
2012-03-28 21:00:00,250.17045839555777
2012-03-28 22:00:00,217.65628451116072
2012-03-28 23:00:00,168.16462954915903
2012-03-29 00:00:00,160.15249383448133
2012-03-29 01:00:00,221.89179918645402
2012-03-29 02:00:00,342.7452828999569
2012-03-29 03:00:00,357.7488785810207
2012-03-29 04:00:00,267.8202750757033
2012-03-29 05:00:00,202.08047587779305
2012-03-29 06:00:00,149.11042471781684
2012-03-29 07:00:00,182.86786188333656
2012-03-29 08:00:00,193.90029353035172
2012-03-29 09:00:00,202.08128030385217
2012-03-29 10:00:00,200.50763868347974
2012-03-29 11:00:00,219.93935765895287
2012-03-29 12:00:00,229.97935616863015
2012-03-29 13:00:00,201.83381455092928
2012-03-29 14:00:00,239.9398862929027
2012-03-29 15:00:00,288.0989246451614
2012-03-29 16:00:00,275.4281999893021
2012-03-29 17:00:00,310.4940180763307
2012-03-29 18:00:00,240.50716778291627
2012-03-29 19:00:00,218.9925178943413
2012-03-29 20:00:00,247.29536105614164
2012-03-29 21:00:00,173.57946177280277
2012-03-29 22:00:00,174.6652741524252
2012-03-29 23:00:00,167.94284917518198
2012-03-30 00:00:00,161.7409228860234
2012-03-30 01:00:00,132.4378977879527
2012-03-30 02:00:00,128.56100218713306
2012-03-30 03:00:00,103.31732108848266
2012-03-30 04:00:00,91.29614179641342
2012-03-30 05:00:00,83.47351344285995
2012-03-30 06:00:00,129.8031841445665
2012-03-30 07:00:00,132.09689448022823
2012-03-30 08:00:00,68.28659080586425
2012-03-30 09:00:00,135.2933243349792
2012-03-30 10:00:00,143.05166426466639
2012-03-30 11:00:00,96.4580310768003
2012-03-30 12:00:00,113.54618712664089
2012-03-30 13:00:00,122.6207993686499
2012-03-30 14:00:00,84.74762493229566
2012-03-30 15:00:00,81.00823120072981
2012-03-30 16:00:00,114.70727920634646
2012-03-30 17:00:00,148.24795802940318
2012-03-30 18:00:00,146.40417998137974
2012-03-30 19:00:00,131.79407538958296
2012-03-30 20:00:00,130.35161881881336
2012-03-30 21:00:00,79.14755671983167
2012-03-30 22:00:00,97.24331558213227
2012-03-30 23:00:00,95.45927749654844
2012-03-31 00:00:00,64.42152331625175
2012-03-31 01:00:00,136.02556103623687
2012-03-31 02:00:00,124.96342670980829
2012-03-31 03:00:00,76.98244175109049
2012-03-31 04:00:00,87.12644504345175
2012-03-31 05:00:00,75.12812437263639
2012-03-31 06:00:00,84.99101795372897
2012-03-31 07:00:00,84.99101795372897
2012-03-31 08:00:00,75.86859282733634
2012-03-31 09:00:00,136.02556103623687
2012-03-31 10:00:00,126.18975579005917
2012-03-31 11:00:00,82.29602428511771
2012-03-31 12:00:00,61.409467643106694
2012-03-31 13:00:00,150.7131720665478
2012-03-31 14:00:00,170.22309956042653
2012-03-31 15:00:00,182.55061105257033
2012-03-31 16:00:00,171.32548228125268
2012-03-31 17:00:00,133.5601959161938
2012-03-31 18:00:00,114.53706090532951
2012-03-31 19:00:00,102.03099700112588
2012-03-31 20:00:00,115.48815285875531
2012-03-31 21:00:00,115.48815285875531
2012-03-31 22:00:00,123.16604452630136
2012-03-31 23:00:00,90.68037931739741
2012-04-20 00:00:00,106.3298794731268
2012-04-20 01:00:00,142.1805456530949
2012-04-20 02:00:00,98.0858302625894
2012-04-20 03:00:00,91.2403613652367
2012-04-20 04:00:00,66.7879952701694
2012-04-20 05:00:00,80.71002133172607
2012-04-20 06:00:00,88.16324387425905
2012-04-20 07:00:00,80.71002133172607
2012-04-20 08:00:00,51.47459893502482
2012-04-20 09:00:00,74.27358898230611
2012-04-20 10:00:00,140.4448760238664
2012-04-20 11:00:00,163.65352301010424
2012-04-20 12:00:00,253.4020227518176
2012-04-20 13:00:00,333.74695560351853
2012-04-20 14:00:00,323.4175515970602
2012-04-20 15:00:00,287.0610262374474
2012-04-20 16:00:00,326.02339005377746
2012-04-20 17:00:00,287.6749359012946
2012-04-20 18:00:00,236.56565145926194
2012-04-20 19:00:00,253.73566307078372
2012-04-20 20:00:00,225.79708574484803
2012-04-20 21:00:00,194.38948048033436
2012-04-20 22:00:00,175.01901721850805
2012-04-20 23:00:00,168.5384878090716
2012-04-21 00:00:00,127.36477298677853
2012-04-21 01:00:00,127.36477298677853
2012-04-21 02:00:00,115.12579446011704
2012-04-21 03:00:00,125.32880476971434
2012-04-21 04:00:00,157.09244289295927
2012-04-21 05:00:00,157.09244289295927
2012-04-21 06:00:00,125.32880476971434
2012-04-21 07:00:00,154.5954060110229
2012-04-21 08:00:00,160.66089111283918
2012-04-21 09:00:00,110.04284394114552
2012-04-21 10:00:00,285.87653063500085
2012-04-21 11:00:00,284.52942842504876
2012-04-21 12:00:00,319.30274413743234
2012-04-21 13:00:00,347.1094075775318
2012-04-21 14:00:00,485.19789644991704
2012-04-21 15:00:00,575.3745899556586
2012-04-21 16:00:00,544.875179570126
2012-04-21 17:00:00,456.40721272785964
2012-04-21 18:00:00,376.48290261082286
2012-04-21 19:00:00,169.1271974644469
2012-04-21 20:00:00,98.98425841436249
2012-04-21 21:00:00,117.52574426887058
2012-04-21 22:00:00,165.2494561977721
2012-04-21 23:00:00,141.8402575615436
2012-04-22 00:00:00,147.34432011461683
2012-04-22 01:00:00,122.76746839780756
2012-04-22 02:00:00,121.58149256268966
2012-04-22 03:00:00,153.75473585473776
2012-04-22 04:00:00,144.1966231245467
2012-04-22 05:00:00,138.670566840932
2012-04-22 06:00:00,112.04869411732525
2012-04-22 07:00:00,106.2778174913833
2012-04-22 08:00:00,66.2034368139618
2012-04-22 09:00:00,66.2034368139618
2012-04-22 10:00:00,43.53137678418397
2012-04-22 11:00:00,27.790811183784342
2012-04-22 12:00:00,26.165699837753394
2012-04-22 13:00:00,58.56913644717292
2012-04-22 14:00:00,26.165699837753394
2012-04-22 15:00:00,50.93238718502883
2012-04-22 16:00:00,36.24059864088599
2012-04-22 17:00:00,33.027127748357856
2012-04-22 18:00:00,33.027127748357856
2012-04-22 19:00:00,26.985117919091667
2012-04-22 20:00:00,25.481291091756713
2012-04-22 21:00:00,56.217790560148025
2012-04-22 22:00:00,37.98571470450824
2012-04-22 23:00:00,68.5321989482164
2012-04-23 00:00:00,50.690924597675505
2012-04-23 01:00:00,41.44681338943343
2012-04-23 02:00:00,65.94092732027669
2012-04-23 03:00:00,85.82252907333708
2012-04-23 04:00:00,45.59786786143665
2012-04-23 05:00:00,45.59786786143665
2012-04-23 06:00:00,81.65135997867445
2012-04-23 07:00:00,51.512618191517
2012-04-23 08:00:00,88.81770449420644
2012-04-23 09:00:00,108.05445891633335
2012-04-23 10:00:00,83.9950145115314
2012-04-23 11:00:00,103.71432604652007
2012-04-23 12:00:00,60.24235958704787
2012-04-23 13:00:00,115.01954642606304
2012-04-23 14:00:00,115.59781088491592
2012-04-23 15:00:00,137.65365025343712
2012-04-23 16:00:00,60.39386880286459
2012-04-23 17:00:00,44.62668298604179
2012-04-23 18:00:00,77.34967900366907
2012-04-23 19:00:00,107.88805476932937
2012-04-23 20:00:00,110.56213735103525
2012-04-23 21:00:00,107.64623379597566
2012-04-23 22:00:00,75.8100648722797
2012-04-23 23:00:00,81.0306601575361
2012-04-24 00:00:00,110.55317095943708
2012-04-24 01:00:00,110.36809339078837
2012-04-24 02:00:00,72.88660286087242
2012-04-24 03:00:00,84.37762662375378
2012-04-24 04:00:00,76.91531444757086
2012-04-24 05:00:00,76.91531444757086
2012-04-24 06:00:00,80.77341466614044
2012-04-24 07:00:00,81.22475637587496
2012-04-24 08:00:00,118.28455154137423
2012-04-24 09:00:00,182.21384328136418
2012-04-24 10:00:00,167.94284917518198
2012-04-24 11:00:00,314.2530218354449
2012-04-24 12:00:00,346.09938272506395
2012-04-24 13:00:00,382.0149465331981
2012-04-24 14:00:00,449.53854627136
2012-04-24 15:00:00,406.42024857959024
2012-04-24 16:00:00,350.5493937340553
2012-04-24 17:00:00,414.1794997418642
2012-04-24 18:00:00,294.34279873199813
2012-04-24 19:00:00,348.63812113299684
2012-04-24 20:00:00,303.848485167965
2012-04-24 21:00:00,221.88488797143086
2012-04-24 22:00:00,194.3400992946441
2012-04-24 23:00:00,189.7774283446693
2012-04-25 00:00:00,186.87213335031691
2012-04-25 01:00:00,161.6640915227468
2012-04-25 02:00:00,88.69352929498577
2012-04-25 03:00:00,68.5666876676826
2012-04-25 04:00:00,46.427395956704636
2012-04-25 05:00:00,59.35036497494174
2012-04-25 06:00:00,59.35036497494174
2012-04-25 07:00:00,87.49583595153989
2012-04-25 08:00:00,73.16169314088734
2012-04-25 09:00:00,120.37399553981234
2012-04-25 10:00:00,243.09670257114237
2012-04-25 11:00:00,305.12835569825853
2012-04-25 12:00:00,313.7856029167151
2012-04-25 13:00:00,387.90048361270385
2012-04-25 14:00:00,368.5900138013451
2012-04-25 15:00:00,429.93634584680547
2012-04-25 16:00:00,411.4937344658127
2012-04-25 17:00:00,434.6295433058268
2012-04-25 18:00:00,419.7148773092656
2012-04-25 19:00:00,391.00124974988097
2012-04-25 20:00:00,292.84125180721117
2012-04-25 21:00:00,188.67524601417352
2012-04-25 22:00:00,137.05835204061623
2012-04-25 23:00:00,126.58584719556507
2012-04-26 00:00:00,129.94329447086744
2012-04-26 01:00:00,125.16413853910768
2012-04-26 02:00:00,156.53209022412696
2012-04-26 03:00:00,132.58402199595477
2012-04-26 04:00:00,118.54808173239614
2012-04-26 05:00:00,158.00678279571602
2012-04-26 06:00:00,143.55404219131884
2012-04-26 07:00:00,96.6802594346367
2012-04-26 08:00:00,112.1666918941024
2012-04-26 09:00:00,98.13616172654156
2012-04-26 10:00:00,100.86798754992185
2012-04-26 11:00:00,99.8245339099756
2012-04-26 12:00:00,159.17631905214813
2012-04-26 13:00:00,180.05473485501903
2012-04-26 14:00:00,171.0591614790671
2012-04-26 15:00:00,130.50384268642603
2012-04-26 16:00:00,171.10457542274364
2012-04-26 17:00:00,148.6842785830145
2012-04-26 18:00:00,171.0591614790671
2012-04-26 19:00:00,167.0670473091395
2012-04-26 20:00:00,149.50101022144787
2012-04-26 21:00:00,151.88829075621734
2012-04-26 22:00:00,150.7562597784399
2012-04-26 23:00:00,109.83925209283595
2012-04-27 00:00:00,211.79021198232263
2012-04-27 01:00:00,188.68128621083596
2012-04-27 02:00:00,180.72140453265868
2012-04-27 03:00:00,174.44629419585453
2012-04-27 04:00:00,185.4618611581522
2012-04-27 05:00:00,211.67256301132386
2012-04-27 06:00:00,184.9483138768727
2012-04-27 07:00:00,132.4378977879527
2012-04-27 08:00:00,113.73105137352654
2012-04-27 09:00:00,195.91815326696397
2012-04-27 10:00:00,248.27993398256638
2012-04-27 11:00:00,235.69375669562652
2012-04-27 12:00:00,261.7426156932091
2012-04-27 13:00:00,307.6385464375116
2012-04-27 14:00:00,276.79400960193414
2012-04-27 15:00:00,266.45481668228973
2012-04-27 16:00:00,323.64413525950306
2012-04-27 17:00:00,384.2915435211152
2012-04-27 18:00:00,353.0347121208456
2012-04-27 19:00:00,453.04275647772823
2012-04-27 20:00:00,279.6484705374951
2012-04-27 21:00:00,259.2771566280117
2012-04-27 22:00:00,220.78574948355447
2012-04-27 23:00:00,175.19299112289406
2012-04-28 00:00:00,152.73905120080926
2012-04-28 01:00:00,137.8918029213379
2012-04-28 02:00:00,140.0716410744449
2012-04-28 03:00:00,106.40231100576432
2012-04-28 04:00:00,95.9789626260274
2012-04-28 05:00:00,85.04160284337789
2012-04-28 06:00:00,101.74361971357618
2012-04-28 07:00:00,95.9789626260274
2012-04-28 08:00:00,112.36194739158177
2012-04-28 09:00:00,94.51340945308989
2012-04-28 10:00:00,108.62508988164893
2012-04-28 11:00:00,70.73331534383236
2012-04-28 12:00:00,103.8500453590261
2012-04-28 13:00:00,126.23194685254994
2012-04-28 14:00:00,164.72790126961007
2012-04-28 15:00:00,161.18788411322578
2012-04-28 16:00:00,204.06971596787162
2012-04-28 17:00:00,113.8650091010386
2012-04-28 18:00:00,89.74385508597454
2012-04-28 19:00:00,91.81549056088235
2012-04-28 20:00:00,136.16965393773845
2012-04-28 21:00:00,93.1866377718838
2012-04-28 22:00:00,113.92804788429468
2012-04-28 23:00:00,120.6138541639854
2012-04-29 00:00:00,85.04427428133144
2012-04-29 01:00:00,110.42722615943754
2012-04-29 02:00:00,80.36896968126533
2012-04-29 03:00:00,75.86859282733634
2012-04-29 04:00:00,77.18529635063254
2012-04-29 05:00:00,9.061658344850443
2012-04-29 06:00:00,21.508263246810955
2012-04-29 07:00:00,70.60090989216616
2012-04-29 08:00:00,51.31436830370923
2012-04-29 09:00:00,65.06913109766029
2012-04-29 10:00:00,47.05824481459776
2012-04-29 11:00:00,122.13509677866158
2012-04-29 12:00:00,156.63614226639396
2012-04-29 13:00:00,158.4742180738918
2012-04-29 14:00:00,336.26658198713454
2012-04-29 15:00:00,336.43347958036287
2012-04-29 16:00:00,461.1879853777475
2012-04-29 17:00:00,520.632642808259
2012-04-29 18:00:00,505.74272261497686
2012-04-29 19:00:00,334.7278158804853
2012-04-29 20:00:00,384.0606352309098
2012-04-29 21:00:00,187.66382939502873
2012-04-29 22:00:00,182.05732094610954
2012-04-29 23:00:00,78.23084177203435
2012-04-30 00:00:00,137.34353034684352
2012-04-30 01:00:00,101.08332419352621
2012-04-30 02:00:00,117.60625204037419
2012-04-30 03:00:00,101.22347892294474
2012-04-30 04:00:00,130.6188111214181
2012-04-30 05:00:00,130.6188111214181
2012-04-30 06:00:00,150.3985236962212
2012-04-30 07:00:00,137.74613892491118
2012-04-30 08:00:00,194.68624210242143
2012-04-30 09:00:00,181.8766501114883
2012-04-30 10:00:00,164.42553480959174
2012-04-30 11:00:00,144.58436352051683
2012-04-30 12:00:00,141.45968156949016
2012-04-30 13:00:00,120.84019090027147
2012-04-30 14:00:00,172.32669278924217
2012-04-30 15:00:00,165.36945608677647
2012-04-30 16:00:00,205.6950397924344
2012-04-30 17:00:00,209.74158588171105
2012-04-30 18:00:00,182.43205663878334
2012-04-30 19:00:00,160.4473938816302
2012-04-30 20:00:00,163.74445871133045
2012-04-30 21:00:00,163.74445871133045
2012-04-30 22:00:00,187.74044073382646
2012-04-30 23:00:00,176.96560517961808
2012-05-20 00:00:00,224.54640997106935
2012-05-20 01:00:00,197.38787261329333
2012-05-20 02:00:00,197.38787261329333
2012-05-20 03:00:00,131.67661901530442
2012-05-20 04:00:00,101.61672429772804
2012-05-20 05:00:00,99.23014164117575
2012-05-20 06:00:00,106.09236466212789
2012-05-20 07:00:00,132.64423643561514
2012-05-20 08:00:00,178.95157010586584
2012-05-20 09:00:00,516.5147677597622
2012-05-20 10:00:00,633.3763025180153
2012-05-20 11:00:00,569.6141780566543
2012-05-20 12:00:00,578.7534547639098
2012-05-20 13:00:00,621.8916732097712
2012-05-20 14:00:00,592.2997884339077
2012-05-20 15:00:00,528.3476158145727
2012-05-20 16:00:00,556.401984280646
2012-05-20 17:00:00,492.69166449156285
2012-05-20 18:00:00,446.87066599193577
2012-05-20 19:00:00,332.851184029961
2012-05-20 20:00:00,332.851184029961
2012-05-20 21:00:00,245.59653820305903
2012-05-20 22:00:00,234.57313181047115
2012-05-20 23:00:00,189.24977616508374
2012-05-21 00:00:00,128.58320188783267
2012-05-21 01:00:00,122.87177133585007
2012-05-21 02:00:00,74.7476904276356
2012-05-21 03:00:00,173.8097634206909
2012-05-21 04:00:00,106.61870376988932
2012-05-21 05:00:00,106.61870376988932
2012-05-21 06:00:00,106.61870376988932
2012-05-21 07:00:00,106.61870376988932
2012-05-21 08:00:00,114.82314100044948
2012-05-21 09:00:00,122.49687683997043
2012-05-21 10:00:00,137.24152084196822
2012-05-21 11:00:00,215.65874761828823
2012-05-21 12:00:00,214.29258866678384
2012-05-21 13:00:00,152.57452541031563
2012-05-21 14:00:00,167.68578225425196
2012-05-21 15:00:00,287.20281568978425
2012-05-21 16:00:00,282.0839571449572
2012-05-21 17:00:00,225.205230907537
2012-05-21 18:00:00,208.46566064665373
2012-05-21 19:00:00,153.55335525407725
2012-05-21 20:00:00,239.170490515121
2012-05-21 21:00:00,185.6536561510797
2012-05-21 22:00:00,238.14351283094447
2012-05-21 23:00:00,250.55581316348176
2012-05-22 00:00:00,216.95463200197509
2012-05-22 01:00:00,183.32507759042858
2012-05-22 02:00:00,197.09688076981854
2012-05-22 03:00:00,197.09688076981854
2012-05-22 04:00:00,176.62491969144756
2012-05-22 05:00:00,132.56955108905765
2012-05-22 06:00:00,114.33867854053682
2012-05-22 07:00:00,114.33867854053682
2012-05-22 08:00:00,154.06101045514106
2012-05-22 09:00:00,206.70076992167927
2012-05-22 10:00:00,176.74635335684735
2012-05-22 11:00:00,186.84692282471087
2012-05-22 12:00:00,205.84408508620083
2012-05-22 13:00:00,238.93399837220454
2012-05-22 14:00:00,257.34224523626756
2012-05-22 15:00:00,255.83801608782215
2012-05-22 16:00:00,259.12596393004105
2012-05-22 17:00:00,254.60088007484958
2012-05-22 18:00:00,282.43272623085255
2012-05-22 19:00:00,234.7426082086323
2012-05-22 20:00:00,285.4907661139238
2012-05-22 21:00:00,157.08432996772765
2012-05-22 22:00:00,153.47019758323273
2012-05-22 23:00:00,184.7040519701888
2012-05-23 00:00:00,157.08432996772765
2012-05-23 01:00:00,179.64600521740374
2012-05-23 02:00:00,215.65874761828823
2012-05-23 03:00:00,153.10830361551118
2012-05-23 04:00:00,158.50379891495282
2012-05-23 05:00:00,114.82314100044948
2012-05-23 06:00:00,115.59802139186613
2012-05-23 07:00:00,169.82561138473315
2012-05-23 08:00:00,169.82561138473315
2012-05-23 09:00:00,184.1105040507801
2012-05-23 10:00:00,125.16591537683203
2012-05-23 11:00:00,175.83058644132322
2012-05-23 12:00:00,174.85277961620895
2012-05-23 13:00:00,205.9993310165642
2012-05-23 14:00:00,261.0307787567136
2012-05-23 15:00:00,240.06679921025213
2012-05-23 16:00:00,176.04493959678933
2012-05-23 17:00:00,209.78707277670784
2012-05-23 18:00:00,209.78707277670784
2012-05-23 19:00:00,224.66328027713587
2012-05-23 20:00:00,185.7464692965236
2012-05-23 21:00:00,193.45538965827913
2012-05-23 22:00:00,224.66328027713587
2012-05-23 23:00:00,150.6282384990706
2012-05-24 00:00:00,138.8010656993772
2012-05-24 01:00:00,104.3422451062133
2012-05-24 02:00:00,124.27287717579328
2012-05-24 03:00:00,180.48859433221935
2012-05-24 04:00:00,193.84391572160268
2012-05-24 05:00:00,193.84391572160268
2012-05-24 06:00:00,193.84391572160268
2012-05-24 07:00:00,159.79930798245124
2012-05-24 08:00:00,204.89449709334343
2012-05-24 09:00:00,209.70929535814912
2012-05-24 10:00:00,272.8423121630549
2012-05-24 11:00:00,256.3248341893318
2012-05-24 12:00:00,272.46227557503823
2012-05-24 13:00:00,370.650369260537
2012-05-24 14:00:00,392.32974971198604
2012-05-24 15:00:00,401.1665004657399
2012-05-24 16:00:00,359.4699951066175
2012-05-24 17:00:00,397.42955515639676
2012-05-24 18:00:00,343.2914293958285
2012-05-24 19:00:00,317.3392838161853
2012-05-24 20:00:00,224.09134184063345
2012-05-24 21:00:00,175.10487023529825
2012-05-24 22:00:00,211.4448065132044
2012-05-24 23:00:00,208.95876491750676
2012-05-25 00:00:00,154.1149904626318
2012-05-25 01:00:00,132.05041127803247
2012-05-25 02:00:00,193.45538965827913
2012-05-25 03:00:00,203.16655173719647
2012-05-25 04:00:00,188.59156837317138
2012-05-25 05:00:00,181.62566745080096
2012-05-25 06:00:00,203.16655173719647
2012-05-25 07:00:00,220.0738075060991
2012-05-25 08:00:00,206.3470580192209
2012-05-25 09:00:00,202.97887521753535
2012-05-25 10:00:00,175.3385693387729
2012-05-25 11:00:00,144.69706649862843
2012-05-25 12:00:00,219.0333718547811
2012-05-25 13:00:00,306.22357937318213
2012-05-25 14:00:00,314.4094938943556
2012-05-25 15:00:00,329.76943151497477
2012-05-25 16:00:00,348.6000740124266
2012-05-25 17:00:00,427.34586593802237
2012-05-25 18:00:00,329.76943151497477
2012-05-25 19:00:00,326.3018833099481
2012-05-25 20:00:00,254.2477186267947
2012-05-25 21:00:00,255.18983299539542
2012-05-25 22:00:00,170.06296060947162
2012-05-25 23:00:00,213.94289697583758
2012-05-26 00:00:00,121.42255601794798
2012-05-26 01:00:00,94.68686899414504
2012-05-26 02:00:00,63.82254554330085
2012-05-26 03:00:00,69.56991049991048
2012-05-26 04:00:00,68.41462254132524
2012-05-26 05:00:00,160.9225893647374
2012-05-26 06:00:00,97.80564982896735
2012-05-26 07:00:00,161.34915404062517
2012-05-26 08:00:00,97.25879574899315
2012-05-26 09:00:00,132.11906988779532
2012-05-26 10:00:00,181.78798430804486
2012-05-26 11:00:00,186.02450388496797
2012-05-26 12:00:00,289.8588447333694
2012-05-26 13:00:00,304.29690978659585
2012-05-26 14:00:00,328.0826343352612
2012-05-26 15:00:00,303.1952090760543
2012-05-26 16:00:00,443.48204288577335
2012-05-26 17:00:00,329.373244160628
2012-05-26 18:00:00,310.81707018679583
2012-05-26 19:00:00,305.05620271466285
2012-05-26 20:00:00,359.27372841640937
2012-05-26 21:00:00,274.81893788383894
2012-05-26 22:00:00,226.29218228351743
2012-05-26 23:00:00,226.29218228351743
2012-05-27 00:00:00,227.67522107196433
2012-05-27 01:00:00,216.10261704466055
2012-05-27 02:00:00,209.36184927161136
2012-05-27 03:00:00,176.89096671203725
2012-05-27 04:00:00,125.68988312780519
2012-05-27 05:00:00,125.68988312780519
2012-05-27 06:00:00,119.53176507882114
2012-05-27 07:00:00,91.99751084770114
2012-05-27 08:00:00,132.11906988779532
2012-05-27 09:00:00,161.73059279687567
2012-05-27 10:00:00,247.6988085731572
2012-05-27 11:00:00,270.4553844738007
2012-05-27 12:00:00,306.99906404058777
2012-05-27 13:00:00,320.3232192738713
2012-05-27 14:00:00,344.1759432648828
2012-05-27 15:00:00,406.21617946935515
2012-05-27 16:00:00,406.21617946935515
2012-05-27 17:00:00,441.8107116285171
2012-05-27 18:00:00,357.5074532834225
2012-05-27 19:00:00,320.3232192738713
2012-05-27 20:00:00,427.97796096541884
2012-05-27 21:00:00,318.47267352479037
2012-05-27 22:00:00,123.66553413228766
2012-05-27 23:00:00,114.0181885953757
2012-05-28 00:00:00,148.18389375003073
2012-05-28 01:00:00,192.12551337427755
2012-05-28 02:00:00,163.65840117223712
2012-05-28 03:00:00,108.28198801430023
2012-05-28 04:00:00,73.32885127250486
2012-05-28 05:00:00,73.32885127250486
2012-05-28 06:00:00,108.28198801430023
2012-05-28 07:00:00,64.18644889440236
2012-05-28 08:00:00,91.87730840387529
2012-05-28 09:00:00,171.9519519198211
2012-05-28 10:00:00,171.9519519198211
2012-05-28 11:00:00,220.1497625068714
2012-05-28 12:00:00,366.3425063566274
2012-05-28 13:00:00,406.0066654430074
2012-05-28 14:00:00,406.0066654430074
2012-05-28 15:00:00,398.08386798596314
2012-05-28 16:00:00,394.06902531377534
2012-05-28 17:00:00,398.08386798596314
2012-05-28 18:00:00,428.4301997491822
2012-05-28 19:00:00,518.1914699061468
2012-05-28 20:00:00,464.08253957785007
2012-05-28 21:00:00,362.01167208172535
2012-05-28 22:00:00,307.85990678614377
2012-05-28 23:00:00,220.43888974596464
2012-05-29 00:00:00,194.09843581882555
2012-05-29 01:00:00,194.09843581882555
2012-05-29 02:00:00,162.97983682835945
2012-05-29 03:00:00,221.84285850331528
2012-05-29 04:00:00,213.94289697583758
2012-05-29 05:00:00,213.94289697583758
2012-05-29 06:00:00,213.94289697583758
2012-05-29 07:00:00,213.94289697583758
2012-05-29 08:00:00,214.83742746280265
2012-05-29 09:00:00,276.5076014283113
2012-05-29 10:00:00,298.2517174463759
2012-05-29 11:00:00,439.82933388307686
2012-05-29 12:00:00,419.9211807793913
2012-05-29 13:00:00,366.7022775954043
2012-05-29 14:00:00,384.49899692546927
2012-05-29 15:00:00,342.55111128540636
2012-05-29 16:00:00,382.5822961154869
2012-05-29 17:00:00,287.52986778413594
2012-05-29 18:00:00,326.8756181929414
2012-05-29 19:00:00,352.9634458111469
2012-05-29 20:00:00,220.09691553931953
2012-05-29 21:00:00,134.3798406795954
2012-05-29 22:00:00,181.62566745080096
2012-05-29 23:00:00,114.29025326807525
2012-05-30 00:00:00,157.03005866716077
2012-05-30 01:00:00,185.6184745813386
2012-05-30 02:00:00,106.75702241007673
2012-05-30 03:00:00,147.73130956449617
2012-05-30 04:00:00,197.41964285888503
2012-05-30 05:00:00,203.61441975432444
2012-05-30 06:00:00,196.6363484722857
2012-05-30 07:00:00,171.99558259052887
2012-05-30 08:00:00,228.58793888623086
2012-05-30 09:00:00,271.22398525207046
2012-05-30 10:00:00,258.88515761620147
2012-05-30 11:00:00,244.24258454618828
2012-05-30 12:00:00,263.3319500554812
2012-05-30 13:00:00,269.9943345785706
2012-05-30 14:00:00,415.14916571894366
2012-05-30 15:00:00,383.62020825479635
2012-05-30 16:00:00,386.3332337897938
2012-05-30 17:00:00,329.4423003925515
2012-05-30 18:00:00,389.6949357350146
2012-05-30 19:00:00,370.650369260537
2012-05-30 20:00:00,183.7780919816862
2012-05-30 21:00:00,272.877059074581
2012-05-30 22:00:00,199.39132041504442
2012-05-30 23:00:00,233.21723752950462
2012-05-31 00:00:00,239.170490515121
2012-05-31 01:00:00,182.80128321861815
2012-05-31 02:00:00,215.55225443839907
2012-05-31 03:00:00,185.6536561510797
2012-05-31 04:00:00,188.10417456297796
2012-05-31 05:00:00,266.43578526289167
2012-05-31 06:00:00,219.06143970262843
2012-05-31 07:00:00,273.8874266038751
2012-05-31 08:00:00,246.41154421049865
2012-05-31 09:00:00,301.40733456606887
2012-05-31 10:00:00,432.2952667391962
2012-05-31 11:00:00,430.73885153790616
2012-05-31 12:00:00,439.2207838730552
2012-05-31 13:00:00,391.32601799307315
2012-05-31 14:00:00,434.9051628984378
2012-05-31 15:00:00,392.70535370281874
2012-05-31 16:00:00,421.15975212041434
2012-05-31 17:00:00,426.701911807706
2012-05-31 18:00:00,426.60338448668546
2012-05-31 19:00:00,455.43639942054847
2012-05-31 20:00:00,345.40154062317987
2012-05-31 21:00:00,345.40154062317987
2012-05-31 22:00:00,275.997834576372
2012-05-31 23:00:00,281.6672641430525
2012-06-20 00:00:00,194.09843581882555
2012-06-20 01:00:00,188.9002840626426
2012-06-20 02:00:00,198.06999635361103
2012-06-20 03:00:00,167.44718974716756
2012-06-20 04:00:00,139.40247732014947
2012-06-20 05:00:00,139.40247732014947
2012-06-20 06:00:00,182.597100095521
2012-06-20 07:00:00,180.06631049980663
2012-06-20 08:00:00,181.29284301727589
2012-06-20 09:00:00,196.66503376719868
2012-06-20 10:00:00,323.9383234244169
2012-06-20 11:00:00,298.8621249840078
2012-06-20 12:00:00,258.2616058223359
2012-06-20 13:00:00,228.53077963200087
2012-06-20 14:00:00,347.29107117928584
2012-06-20 15:00:00,211.7640171485171
2012-06-20 16:00:00,231.310205629952
2012-06-20 17:00:00,183.6327413121103
2012-06-20 18:00:00,183.6327413121103
2012-06-20 19:00:00,373.6160590814276
2012-06-20 20:00:00,307.70842703162293
2012-06-20 21:00:00,221.89949382252541
2012-06-20 22:00:00,264.0203078143349
2012-06-20 23:00:00,303.6191646423704
2012-06-21 00:00:00,193.1879209990262
2012-06-21 01:00:00,165.05482086005256
2012-06-21 02:00:00,176.32506344552607
2012-06-21 03:00:00,143.85086123098483
2012-06-21 04:00:00,70.3769433190439
2012-06-21 05:00:00,98.4978218077596
2012-06-21 06:00:00,147.51244096599018
2012-06-21 07:00:00,147.51244096599018
2012-06-21 08:00:00,175.57869401984837
2012-06-21 09:00:00,368.6941528401341
2012-06-21 10:00:00,276.79692736475556
2012-06-21 11:00:00,375.3283016162168
2012-06-21 12:00:00,347.80250792167277
2012-06-21 13:00:00,330.9844852859891
2012-06-21 14:00:00,333.60052111080074
2012-06-21 15:00:00,368.7673665984387
2012-06-21 16:00:00,341.7347699587817
2012-06-21 17:00:00,276.46236402699026
2012-06-21 18:00:00,377.6901369229358
2012-06-21 19:00:00,367.4793806193795
2012-06-21 20:00:00,304.5592715996188
2012-06-21 21:00:00,320.30473859598044
2012-06-21 22:00:00,352.98224209131126
2012-06-21 23:00:00,270.86541559244716
2012-06-22 00:00:00,370.1274537065712
2012-06-22 01:00:00,381.12944638069513
2012-06-22 02:00:00,191.44987216210714
2012-06-22 03:00:00,191.44987216210714
2012-06-22 04:00:00,389.7184703315816
2012-06-22 05:00:00,234.05623065046635
2012-06-22 06:00:00,289.1001281762292
2012-06-22 07:00:00,281.240408651196
2012-06-22 08:00:00,297.2527630506522
2012-06-22 09:00:00,326.81846800291174
2012-06-22 10:00:00,273.74218319234933
2012-06-22 11:00:00,339.26223404524933
2012-06-22 12:00:00,300.82439743709386
2012-06-22 13:00:00,367.4793806193795
2012-06-22 14:00:00,367.4793806193795
2012-06-22 15:00:00,259.88547316883245
2012-06-22 16:00:00,328.2028007723247
2012-06-22 17:00:00,406.07825832050014
2012-06-22 18:00:00,362.1020972437838
2012-06-22 19:00:00,317.7423982526048
2012-06-22 20:00:00,317.7423982526048
2012-06-22 21:00:00,236.69990451971552
2012-06-22 22:00:00,159.728929795542
2012-06-22 23:00:00,135.41116276394513
2012-06-23 00:00:00,43.44486341859891
2012-06-23 01:00:00,62.187835980127524
2012-06-23 02:00:00,110.3370543544783
2012-06-23 03:00:00,116.14313771791201
2012-06-23 04:00:00,117.63362219720646
2012-06-23 05:00:00,110.3370543544783
2012-06-23 06:00:00,45.15013076231294
2012-06-23 07:00:00,60.44349752076731
2012-06-23 08:00:00,163.55390611705263
2012-06-23 09:00:00,265.1573090575731
2012-06-23 10:00:00,356.86044988336
2012-06-23 11:00:00,439.3280549771276
2012-06-23 12:00:00,390.4597048165524
2012-06-23 13:00:00,444.3253672181344
2012-06-23 14:00:00,473.43498322470873
2012-06-23 15:00:00,336.95517027273684
2012-06-23 16:00:00,447.57575809994205
2012-06-23 17:00:00,448.74798278363585
2012-06-23 18:00:00,454.4194372220085
2012-06-23 19:00:00,464.20749141220733
2012-06-23 20:00:00,456.5930423935125
2012-06-23 21:00:00,459.83853269584904
2012-06-23 22:00:00,478.6310013078153
2012-06-23 23:00:00,404.6305065541595
2012-06-24 00:00:00,313.980056965077
2012-06-24 01:00:00,176.06329627689576
2012-06-24 02:00:00,260.0897063281562
2012-06-24 03:00:00,194.5174483995459
2012-06-24 04:00:00,223.984763694461
2012-06-24 05:00:00,103.231905273286
2012-06-24 06:00:00,147.59762350435193
2012-06-24 07:00:00,86.22966343781391
2012-06-24 08:00:00,237.05511565735287
2012-06-24 09:00:00,312.18615391417666
2012-06-24 10:00:00,455.3249998542762
2012-06-24 11:00:00,500.3857660901308
2012-06-24 12:00:00,423.86839482134536
2012-06-24 13:00:00,464.13437464072626
2012-06-24 14:00:00,379.3798621825862
2012-06-24 15:00:00,352.1493980152753
2012-06-24 16:00:00,387.4016457703262
2012-06-24 17:00:00,428.9200475159944
2012-06-24 18:00:00,434.88949450303494
2012-06-24 19:00:00,478.2888508366583
2012-06-24 20:00:00,406.6108516184802
2012-06-24 21:00:00,381.0666036761841
2012-06-24 22:00:00,320.48400363139274
2012-06-24 23:00:00,260.49331703922013
2012-06-25 00:00:00,299.8080748294108
2012-06-25 01:00:00,241.68996193650722
2012-06-25 02:00:00,216.19976231090837
2012-06-25 03:00:00,202.217482622364
2012-06-25 04:00:00,191.23334032493224
2012-06-25 05:00:00,137.02162920505597
2012-06-25 06:00:00,139.89875015223686
2012-06-25 07:00:00,141.63337564018718
2012-06-25 08:00:00,151.8346496709197
2012-06-25 09:00:00,231.1828316727213
2012-06-25 10:00:00,315.2644191566852
2012-06-25 11:00:00,276.7728588930864
2012-06-25 12:00:00,325.72928364672504
2012-06-25 13:00:00,314.9154490329511
2012-06-25 14:00:00,384.2064449193138
2012-06-25 15:00:00,387.6558895091894
2012-06-25 16:00:00,281.1734358783342
2012-06-25 17:00:00,191.0632835673344
2012-06-25 18:00:00,206.08188168485063
2012-06-25 19:00:00,260.82360504300084
2012-06-25 20:00:00,347.79855382968753
2012-06-25 21:00:00,380.92079119597463
2012-06-25 22:00:00,417.5012834549098
2012-06-25 23:00:00,421.0258859013142
2012-06-26 00:00:00,395.7290296159687
2012-06-26 01:00:00,417.41711664760845
2012-06-26 02:00:00,351.82855052957484
2012-06-26 03:00:00,290.26462880970286
2012-06-26 04:00:00,293.9462665031208
2012-06-26 05:00:00,283.81301382752827
2012-06-26 06:00:00,211.22457630790112
2012-06-26 07:00:00,219.36192540556092
2012-06-26 08:00:00,273.3173189307199
2012-06-26 09:00:00,347.34913712000576
2012-06-26 10:00:00,357.765471686145
2012-06-26 11:00:00,408.60983908314563
2012-06-26 12:00:00,453.37722733910994
2012-06-26 13:00:00,331.5770504392948
2012-06-26 14:00:00,331.5770504392948
2012-06-26 15:00:00,321.4927430770482
2012-06-26 16:00:00,294.56402725290314
2012-06-26 17:00:00,334.03164668019417
2012-06-26 18:00:00,322.8166215875059
2012-06-26 19:00:00,425.73143036843265
2012-06-26 20:00:00,398.5058166850904
2012-06-26 21:00:00,429.5447825679604
2012-06-26 22:00:00,455.2938205420329
2012-06-26 23:00:00,369.1255213884052
2012-06-27 00:00:00,394.3859314264068
2012-06-27 01:00:00,383.98493793387235
2012-06-27 02:00:00,274.5990570294394
2012-06-27 03:00:00,272.8162132667384
2012-06-27 04:00:00,388.79537555954187
2012-06-27 05:00:00,356.6955247284911
2012-06-27 06:00:00,349.6737450014308
2012-06-27 07:00:00,356.4779872557408
2012-06-27 08:00:00,355.1039837120518
2012-06-27 09:00:00,382.09743308485093
2012-06-27 10:00:00,414.27839203385145
2012-06-27 11:00:00,303.7209320013067
2012-06-27 12:00:00,321.38191799988186
2012-06-27 13:00:00,260.2720930389242
2012-06-27 14:00:00,240.167074892941
2012-06-27 15:00:00,175.264641849361
2012-06-27 16:00:00,200.15516576360292
2012-06-27 17:00:00,244.2117448811191
2012-06-27 18:00:00,260.2720930389242
2012-06-27 19:00:00,275.77706038532585
2012-06-27 20:00:00,367.18374815585133
2012-06-27 21:00:00,351.72154125477266
2012-06-27 22:00:00,335.902380697628
2012-06-27 23:00:00,282.8610264462714
2012-06-28 00:00:00,215.40019518965406
2012-06-28 01:00:00,137.44450018357338
2012-06-28 02:00:00,170.40723426202513
2012-06-28 03:00:00,170.40723426202513
2012-06-28 04:00:00,219.75174642423593
2012-06-28 05:00:00,126.46761915775761
2012-06-28 06:00:00,126.46761915775761
2012-06-28 07:00:00,219.75174642423593
2012-06-28 08:00:00,252.24150933689614
2012-06-28 09:00:00,297.2516603397465
2012-06-28 10:00:00,354.5147932562785
2012-06-28 11:00:00,368.25679235046965
2012-06-28 12:00:00,390.51594840291375
2012-06-28 13:00:00,312.8515766877884
2012-06-28 14:00:00,191.23341936912286
2012-06-28 15:00:00,191.23341936912286
2012-06-28 16:00:00,300.5220741325511
2012-06-28 17:00:00,281.81201412481926
2012-06-28 18:00:00,289.3916707767545
2012-06-28 19:00:00,250.2397443017483
2012-06-28 20:00:00,379.84140293325345
2012-06-28 21:00:00,316.9985401351638
2012-06-28 22:00:00,310.72351818479325
2012-06-28 23:00:00,329.4069562077019
2012-06-29 00:00:00,329.4069562077019
2012-06-29 01:00:00,322.49710631642483
2012-06-29 02:00:00,253.64095297437012
2012-06-29 03:00:00,253.64095297437012
2012-06-29 04:00:00,233.76136021272998
2012-06-29 05:00:00,219.78497292634646
2012-06-29 06:00:00,246.87271778572
2012-06-29 07:00:00,219.78497292634646
2012-06-29 08:00:00,246.95190633426142
2012-06-29 09:00:00,315.2644191566852
2012-06-29 10:00:00,255.309851457193
2012-06-29 11:00:00,371.4655414761408
2012-06-29 12:00:00,364.7202218849849
2012-06-29 13:00:00,211.07902474157657
2012-06-29 14:00:00,271.5558962403254
2012-06-29 15:00:00,262.48011220904675
2012-06-29 16:00:00,262.48011220904675
2012-06-29 17:00:00,265.2800987101381
2012-06-29 18:00:00,278.9742268591475
2012-06-29 19:00:00,172.5817169399343
2012-06-29 20:00:00,240.09756271315234
2012-06-29 21:00:00,253.0573084569896
2012-06-29 22:00:00,332.6181306618033
2012-06-29 23:00:00,332.6181306618033
2012-06-30 00:00:00,105.60605696047625
2012-06-30 01:00:00,90.09693012145019
2012-06-30 02:00:00,96.84863745517033
2012-06-30 03:00:00,96.84863745517033
2012-06-30 04:00:00,55.909762393584174
2012-06-30 05:00:00,55.7810775584677
2012-06-30 06:00:00,55.7810775584677
2012-06-30 07:00:00,55.7810775584677
2012-06-30 08:00:00,55.7810775584677
2012-06-30 09:00:00,55.7810775584677
2012-06-30 10:00:00,371.0808535268499
2012-06-30 11:00:00,371.0808535268499
2012-06-30 12:00:00,371.0808535268499
2012-06-30 13:00:00,371.0808535268499
2012-06-30 14:00:00,371.0808535268499
2012-06-30 15:00:00,371.0808535268499
2012-06-30 16:00:00,353.94614706043944
2012-06-30 17:00:00,323.02002733668405
2012-06-30 18:00:00,352.9106238666521
2012-06-30 19:00:00,433.4496266825623
2012-06-30 20:00:00,326.6181441001128
2012-06-30 21:00:00,326.6181441001128
2012-06-30 22:00:00,273.149511476935
2012-06-30 23:00:00,238.90364909545144
2012-07-20 00:00:00,118.94060204586772
2012-07-20 01:00:00,98.05706958344419
2012-07-20 02:00:00,136.07288021034356
2012-07-20 03:00:00,166.41569589283316
2012-07-20 04:00:00,184.79933823858573
2012-07-20 05:00:00,155.47731293690794
2012-07-20 06:00:00,184.79933823858573
2012-07-20 07:00:00,180.3834585268775
2012-07-20 08:00:00,161.4477630220081
2012-07-20 09:00:00,199.21630589239086
2012-07-20 10:00:00,219.72090531336556
2012-07-20 11:00:00,262.3085440665924
2012-07-20 12:00:00,149.63268031877075
2012-07-20 13:00:00,141.30706548542562
2012-07-20 14:00:00,169.04231606978217
2012-07-20 15:00:00,135.84146658419635
2012-07-20 16:00:00,142.67528350495814
2012-07-20 17:00:00,227.10299226715836
2012-07-20 18:00:00,204.3978324776275
2012-07-20 19:00:00,184.96518775247614
2012-07-20 20:00:00,154.20821381124856
2012-07-20 21:00:00,124.28959583023331
2012-07-20 22:00:00,177.04183886737667
2012-07-20 23:00:00,171.41381887188658
2012-07-21 00:00:00,100.10539164174713
2012-07-21 01:00:00,107.08495241758182
2012-07-21 02:00:00,102.9036978760358
2012-07-21 03:00:00,101.23349397449019
2012-07-21 04:00:00,110.87462282701455
2012-07-21 05:00:00,109.20441892546894
2012-07-21 06:00:00,109.20441892546894
2012-07-21 07:00:00,119.58714168711641
2012-07-21 08:00:00,132.74737224492938
2012-07-21 09:00:00,132.61543849795999
2012-07-21 10:00:00,109.20441892546894
2012-07-21 11:00:00,126.36237312599353
2012-07-21 12:00:00,121.84430713866342
2012-07-21 13:00:00,122.15109254082617
2012-07-21 14:00:00,112.47929554324011
2012-07-21 15:00:00,101.23349397449019
2012-07-21 16:00:00,108.18266875491751
2012-07-21 17:00:00,114.72110957829462
2012-07-21 18:00:00,111.96139497869919
2012-07-21 19:00:00,122.96746758348635
2012-07-21 20:00:00,114.72110957829462
2012-07-21 21:00:00,122.96746758348635
2012-07-21 22:00:00,115.49837725070978
2012-07-21 23:00:00,107.99473018702247
2012-07-22 00:00:00,115.49837725070978
2012-07-22 01:00:00,122.96746758348635
2012-07-22 02:00:00,115.49837725070978
2012-07-22 03:00:00,115.49837725070978
2012-07-22 04:00:00,45.468404406673145
2012-07-22 05:00:00,45.468404406673145
2012-07-22 06:00:00,116.31215407207465
2012-07-22 07:00:00,110.63248683768617
2012-07-22 08:00:00,132.5969706501342
2012-07-22 09:00:00,197.48710651693892
2012-07-22 10:00:00,172.7040743956536
2012-07-22 11:00:00,172.7040743956536
2012-07-22 12:00:00,215.0480050930671
2012-07-22 13:00:00,248.5109392376178
2012-07-22 14:00:00,205.18081756278082
2012-07-22 15:00:00,205.18081756278082
2012-07-22 16:00:00,247.6712026482523
2012-07-22 17:00:00,285.6599840517381
2012-07-22 18:00:00,266.0812202672955
2012-07-22 19:00:00,209.47955748266247
2012-07-22 20:00:00,144.57446968440394
2012-07-22 21:00:00,101.6468388717809
2012-07-22 22:00:00,141.35447360267978
2012-07-22 23:00:00,101.90360570932417
2012-07-23 00:00:00,76.70984725239272
2012-07-23 01:00:00,121.94607390409263
2012-07-23 02:00:00,89.40306231897762
2012-07-23 03:00:00,89.40306231897762
2012-07-23 04:00:00,103.22983000401743
2012-07-23 05:00:00,103.22983000401743
2012-07-23 06:00:00,81.12721764483317
2012-07-23 07:00:00,92.08208319579808
2012-07-23 08:00:00,176.32506344552607
2012-07-23 09:00:00,270.09504639067046
2012-07-23 10:00:00,362.3010655812315
2012-07-23 11:00:00,264.8349858344675
2012-07-23 12:00:00,264.8349858344675
2012-07-23 13:00:00,254.83615139858273
2012-07-23 14:00:00,313.71005041422967
2012-07-23 15:00:00,368.6941528401341
2012-07-23 16:00:00,297.33094898890135
2012-07-23 17:00:00,297.33094898890135
2012-07-23 18:00:00,283.62694116071054
2012-07-23 19:00:00,333.84266016889325
2012-07-23 20:00:00,334.4058806365624
2012-07-23 21:00:00,347.683022056696
2012-07-23 22:00:00,292.16109247244816
2012-07-23 23:00:00,228.68730947302714
2012-07-24 00:00:00,168.70519112117518
2012-07-24 01:00:00,136.17489112447075
2012-07-24 02:00:00,148.0581789263117
2012-07-24 03:00:00,148.0581789263117
2012-07-24 04:00:00,92.30277730883583
2012-07-24 05:00:00,124.91118335997301
2012-07-24 06:00:00,115.46102100212025
2012-07-24 07:00:00,181.6279510261339
2012-07-24 08:00:00,263.1262447499583
2012-07-24 09:00:00,378.34655307058046
2012-07-24 10:00:00,242.59849921788583
2012-07-24 11:00:00,437.51317978390034
2012-07-24 12:00:00,249.21944133056277
2012-07-24 13:00:00,460.43380353288956
2012-07-24 14:00:00,366.2404702200405
2012-07-24 15:00:00,333.9961250805528
2012-07-24 16:00:00,359.1318273723444
2012-07-24 17:00:00,307.5532045182787
2012-07-24 18:00:00,466.2862588830956
2012-07-24 19:00:00,334.4058806365624
2012-07-24 20:00:00,262.43098613748947
2012-07-24 21:00:00,278.07151391117486
2012-07-24 22:00:00,299.3835492962577
2012-07-24 23:00:00,286.2006812294569
2012-07-25 00:00:00,254.89052751175674
2012-07-25 01:00:00,239.5425262726656
2012-07-25 02:00:00,246.31775241633324
2012-07-25 03:00:00,199.96771556149008
2012-07-25 04:00:00,233.99492260526594
2012-07-25 05:00:00,221.58673841060838
2012-07-25 06:00:00,221.2003366313298
2012-07-25 07:00:00,275.09847623859946
2012-07-25 08:00:00,389.16295618341235
2012-07-25 09:00:00,421.67996286711593
2012-07-25 10:00:00,278.4576571407771
2012-07-25 11:00:00,242.12359457224682
2012-07-25 12:00:00,242.12359457224682
2012-07-25 13:00:00,350.017423712785
2012-07-25 14:00:00,345.349079118825
2012-07-25 15:00:00,285.40872305877804
2012-07-25 16:00:00,351.1411869401628
2012-07-25 17:00:00,267.53650744438073
2012-07-25 18:00:00,359.61348186856003
2012-07-25 19:00:00,319.9887038231574
2012-07-25 20:00:00,404.59521369442257
2012-07-25 21:00:00,339.67478109432363
2012-07-25 22:00:00,237.8198025021512
2012-07-25 23:00:00,302.39908443906523
2012-07-26 00:00:00,189.77373558682456
2012-07-26 01:00:00,199.96771556149008
2012-07-26 02:00:00,183.2230223807381
2012-07-26 03:00:00,163.683692034813
2012-07-26 04:00:00,129.7308513780025
2012-07-26 05:00:00,129.7308513780025
2012-07-26 06:00:00,191.23334032493224
2012-07-26 07:00:00,215.08111971846085
2012-07-26 08:00:00,228.48515311294176
2012-07-26 09:00:00,243.21312963153258
2012-07-26 10:00:00,278.59955202379774
2012-07-26 11:00:00,337.7890274435907
2012-07-26 12:00:00,202.23836596529253
2012-07-26 13:00:00,243.51575330669542
2012-07-26 14:00:00,211.84878988017476
2012-07-26 15:00:00,200.16673124568393
2012-07-26 16:00:00,218.927639014159
2012-07-26 17:00:00,266.2570798834862
2012-07-26 18:00:00,204.73278699665013
2012-07-26 19:00:00,237.1850905535229
2012-07-26 20:00:00,230.92587247337667
2012-07-26 21:00:00,331.88032387220994
2012-07-26 22:00:00,331.88032387220994
2012-07-26 23:00:00,209.57549097758394
2012-07-27 00:00:00,128.3589190077982
2012-07-27 01:00:00,189.22270600133757
2012-07-27 02:00:00,125.13335072706617
2012-07-27 03:00:00,181.6279510261339
2012-07-27 04:00:00,116.14137670578768
2012-07-27 05:00:00,74.98073896838184
2012-07-27 06:00:00,116.14137670578768
2012-07-27 07:00:00,220.95560364699574
2012-07-27 08:00:00,268.87312963858756
2012-07-27 09:00:00,349.97827800861506
2012-07-27 10:00:00,265.9961011897344
2012-07-27 11:00:00,295.41495616081863
2012-07-27 12:00:00,277.39804303247337
2012-07-27 13:00:00,315.5986689307342
2012-07-27 14:00:00,308.40879528597605
2012-07-27 15:00:00,324.60310869584043
2012-07-27 16:00:00,330.0855656812853
2012-07-27 17:00:00,276.6631352884251
2012-07-27 18:00:00,319.27765082390283
2012-07-27 19:00:00,320.30473859598044
2012-07-27 20:00:00,292.54302189603436
2012-07-27 21:00:00,292.54302189603436
2012-07-27 22:00:00,329.83535273817535
2012-07-27 23:00:00,244.65580901469298
2012-07-28 00:00:00,272.9587687032235
2012-07-28 01:00:00,198.47514775199593
2012-07-28 02:00:00,176.47085109395758
2012-07-28 03:00:00,176.47085109395758
2012-07-28 04:00:00,120.78213603400259
2012-07-28 05:00:00,101.90360570932417
2012-07-28 06:00:00,144.79113198417318
2012-07-28 07:00:00,194.04296945800323
2012-07-28 08:00:00,266.0812202672955
2012-07-28 09:00:00,240.8557410298857
2012-07-28 10:00:00,376.4515585982274
2012-07-28 11:00:00,385.3198572437224
2012-07-28 12:00:00,395.7906831048598
2012-07-28 13:00:00,428.86454287229753
2012-07-28 14:00:00,429.276006425672
2012-07-28 15:00:00,381.0049066381928
2012-07-28 16:00:00,420.6198464855602
2012-07-28 17:00:00,367.75046598766016
2012-07-28 18:00:00,384.1647383829262
2012-07-28 19:00:00,58.15541288469203
2012-07-28 20:00:00,82.06939457112526
2012-07-28 21:00:00,59.05365578838385
2012-07-28 22:00:00,59.05365578838385
2012-07-28 23:00:00,64.34779759896885
2012-07-29 00:00:00,41.26974027516253
2012-07-29 01:00:00,72.50434777536074
2012-07-29 02:00:00,97.82222564265915
2012-07-29 03:00:00,154.28401375137167
2012-07-29 04:00:00,107.43719078169269
2012-07-29 05:00:00,60.13607276123963
2012-07-29 06:00:00,91.5226794085153
2012-07-29 07:00:00,192.77932545425654
2012-07-29 08:00:00,224.4739520870246
2012-07-29 09:00:00,291.1972371857651
2012-07-29 10:00:00,247.74313565197008
2012-07-29 11:00:00,381.0666036761841
2012-07-29 12:00:00,395.79952071531534
2012-07-29 13:00:00,414.32732119455045
2012-07-29 14:00:00,365.95905275985626
2012-07-29 15:00:00,364.2567255747696
2012-07-29 16:00:00,364.2567255747696
2012-07-29 17:00:00,412.23460146316506
2012-07-29 18:00:00,441.40526861702944
2012-07-29 19:00:00,349.49010954735024
2012-07-29 20:00:00,247.6712026482523
2012-07-29 21:00:00,194.04296945800323
2012-07-29 22:00:00,144.79113198417318
2012-07-29 23:00:00,171.83546633234354
2012-07-30 00:00:00,122.02164850987181
2012-07-30 01:00:00,136.24129768172048
2012-07-30 02:00:00,80.30035226013204
2012-07-30 03:00:00,86.30360367758261
2012-07-30 04:00:00,86.30360367758261
2012-07-30 05:00:00,124.91118335997301
2012-07-30 06:00:00,148.0581789263117
2012-07-30 07:00:00,96.87745090621641
2012-07-30 08:00:00,230.17698580770042
2012-07-30 09:00:00,287.8747942451046
2012-07-30 10:00:00,276.73695783887496
2012-07-30 11:00:00,345.0009114761327
2012-07-30 12:00:00,233.48480236167458
2012-07-30 13:00:00,339.26223404524933
2012-07-30 14:00:00,352.9338842899389
2012-07-30 15:00:00,352.8073854332619
2012-07-30 16:00:00,345.0972046709683
2012-07-30 17:00:00,325.04836321144876
2012-07-30 18:00:00,347.6985010610663
2012-07-30 19:00:00,308.3479252831974
2012-07-30 20:00:00,236.51867552249337
2012-07-30 21:00:00,220.95560364699574
2012-07-30 22:00:00,234.51211559926452
2012-07-30 23:00:00,179.19919291246916
2012-07-31 00:00:00,98.27811978822402
2012-07-31 01:00:00,115.46102100212025
2012-07-31 02:00:00,115.46102100212025
2012-07-31 03:00:00,92.30277730883583
2012-07-31 04:00:00,92.30277730883583
2012-07-31 05:00:00,148.0581789263117
2012-07-31 06:00:00,123.40927738818897
2012-07-31 07:00:00,128.00434738001974
2012-07-31 08:00:00,125.13335072706617
2012-07-31 09:00:00,189.22270600133757
2012-07-31 10:00:00,129.194822058746
2012-07-31 11:00:00,180.4562128077087
2012-07-31 12:00:00,273.29934420461325
2012-07-31 13:00:00,378.6029511646672
2012-07-31 14:00:00,378.6029511646672
2012-07-31 15:00:00,329.32825046871267
2012-07-31 16:00:00,326.81846800291174
2012-07-31 17:00:00,304.72173119285486
2012-07-31 18:00:00,353.4252884465421
2012-07-31 19:00:00,281.53720052154864
2012-07-31 20:00:00,260.0401904481302
2012-07-31 21:00:00,129.9637404095098
2012-07-31 22:00:00,186.41601472342882
2012-07-31 23:00:00,200.42828365051668
2012-08-20 00:00:00,174.46998940660848
2012-08-20 01:00:00,134.8458469008203
2012-08-20 02:00:00,134.8458469008203
2012-08-20 03:00:00,97.92090377908505
2012-08-20 04:00:00,152.7265765923668
2012-08-20 05:00:00,139.82953287562174
2012-08-20 06:00:00,175.63033324496357
2012-08-20 07:00:00,181.15528827628535
2012-08-20 08:00:00,198.6569097810953
2012-08-20 09:00:00,187.934922414007
2012-08-20 10:00:00,182.24053172271448
2012-08-20 11:00:00,167.70674994638608
2012-08-20 12:00:00,193.51419371792036
2012-08-20 13:00:00,237.8198025021512
2012-08-20 14:00:00,291.641821427685
2012-08-20 15:00:00,312.5215393880138
2012-08-20 16:00:00,312.5215393880138
2012-08-20 17:00:00,256.09257024610486
2012-08-20 18:00:00,189.3958304626191
2012-08-20 19:00:00,195.00368742005315
2012-08-20 20:00:00,171.41381887188658
2012-08-20 21:00:00,92.21199214980851
2012-08-20 22:00:00,139.82953287562174
2012-08-20 23:00:00,139.82953287562174
2012-08-21 00:00:00,152.7265765923668
2012-08-21 01:00:00,157.76719169274867
2012-08-21 02:00:00,157.76414251486767
2012-08-21 03:00:00,82.67327121433485
2012-08-21 04:00:00,82.67327121433485
2012-08-21 05:00:00,97.97517127572814
2012-08-21 06:00:00,115.50610361040611
2012-08-21 07:00:00,124.07351928299607
2012-08-21 08:00:00,118.56380035600965
2012-08-21 09:00:00,111.86259557031879
2012-08-21 10:00:00,182.60847043892508
2012-08-21 11:00:00,208.7673032895036
2012-08-21 12:00:00,264.00045897437553
2012-08-21 13:00:00,295.10551205128115
2012-08-21 14:00:00,294.264133256074
2012-08-21 15:00:00,266.1897519570549
2012-08-21 16:00:00,266.1897519570549
2012-08-21 17:00:00,329.3719228313864
2012-08-21 18:00:00,307.14094720326545
2012-08-21 19:00:00,166.6614602346038
2012-08-21 20:00:00,110.61829166369401
2012-08-21 21:00:00,110.61829166369401
2012-08-21 22:00:00,88.65548523916078
2012-08-21 23:00:00,81.24922151016906
2012-08-22 00:00:00,113.66940558394143
2012-08-22 01:00:00,94.83892501822751
2012-08-22 02:00:00,94.83892501822751
2012-08-22 03:00:00,94.83892501822751
2012-08-22 04:00:00,122.3111837887329
2012-08-22 05:00:00,108.77424058731984
2012-08-22 06:00:00,108.16992196340897
2012-08-22 07:00:00,94.83892501822751
2012-08-22 08:00:00,111.59334599121794
2012-08-22 09:00:00,118.89557922856592
2012-08-22 10:00:00,191.56219386905914
2012-08-22 11:00:00,192.1478994152003
2012-08-22 12:00:00,213.80002691862967
2012-08-22 13:00:00,314.6191498001352
2012-08-22 14:00:00,325.2654805153234
2012-08-22 15:00:00,344.70458117506377
2012-08-22 16:00:00,281.3820062943036
2012-08-22 17:00:00,281.3820062943036
2012-08-22 18:00:00,240.17083407617264
2012-08-22 19:00:00,135.41116276394513
2012-08-22 20:00:00,165.75036453145339
2012-08-22 21:00:00,110.61829166369401
2012-08-22 22:00:00,110.61829166369401
2012-08-22 23:00:00,75.80043955263882
2012-08-23 00:00:00,88.65548523916078
2012-08-23 01:00:00,81.24922151016906
2012-08-23 02:00:00,81.24922151016906
2012-08-23 03:00:00,87.29149339770566
2012-08-23 04:00:00,81.24922151016906
2012-08-23 05:00:00,81.24922151016906
2012-08-23 06:00:00,132.7009570115507
2012-08-23 07:00:00,148.70825489435995
2012-08-23 08:00:00,128.32801908678022
2012-08-23 09:00:00,267.792207331484
2012-08-23 10:00:00,216.30622622457193
2012-08-23 11:00:00,268.9191371879109
2012-08-23 12:00:00,292.8909367489656
2012-08-23 13:00:00,305.70199051072575
2012-08-23 14:00:00,366.19134443806274
2012-08-23 15:00:00,341.1109848877312
2012-08-23 16:00:00,356.96115007482473
2012-08-23 17:00:00,398.1661774021328
2012-08-23 18:00:00,369.9735613846228
2012-08-23 19:00:00,249.20831108308514
2012-08-23 20:00:00,219.78497292634646
2012-08-23 21:00:00,243.5573761329547
2012-08-23 22:00:00,211.00189428058047
2012-08-23 23:00:00,137.88661904479574
2012-08-24 00:00:00,137.88661904479574
2012-08-24 01:00:00,183.4971546395476
2012-08-24 02:00:00,77.75991664493372
2012-08-24 03:00:00,110.61829166369401
2012-08-24 04:00:00,183.4971546395476
2012-08-24 05:00:00,88.65548523916078
2012-08-24 06:00:00,134.4886561087298
2012-08-24 07:00:00,156.16095933648432
2012-08-24 08:00:00,135.41116276394513
2012-08-24 09:00:00,220.9176120494553
2012-08-24 10:00:00,260.09301190318087
2012-08-24 11:00:00,265.4494286764037
2012-08-24 12:00:00,238.77908167742953
2012-08-24 13:00:00,334.6028160842168
2012-08-24 14:00:00,334.17053330976785
2012-08-24 15:00:00,289.0318104581985
2012-08-24 16:00:00,289.0318104581985
2012-08-24 17:00:00,288.3637618955731
2012-08-24 18:00:00,264.4765658894744
2012-08-24 19:00:00,225.72558663121922
2012-08-24 20:00:00,255.63835120477785
2012-08-24 21:00:00,246.87271778572
2012-08-24 22:00:00,251.52937237050875
2012-08-24 23:00:00,142.43936739535164
2012-08-25 00:00:00,308.53663092859415
2012-08-25 01:00:00,215.06139909162022
2012-08-25 02:00:00,149.77562855099205
2012-08-25 03:00:00,100.80544013835552
2012-08-25 04:00:00,174.09280508278664
2012-08-25 05:00:00,147.79394339305853
2012-08-25 06:00:00,130.2941694244683
2012-08-25 07:00:00,128.32594830814023
2012-08-25 08:00:00,188.46888061635948
2012-08-25 09:00:00,222.3566307313598
2012-08-25 10:00:00,270.15289441270437
2012-08-25 11:00:00,293.4728394647784
2012-08-25 12:00:00,291.8637779768736
2012-08-25 13:00:00,348.6575024950502
2012-08-25 14:00:00,248.2032803666637
2012-08-25 15:00:00,176.2445681365172
2012-08-25 16:00:00,212.34237110770025
2012-08-25 17:00:00,207.47114448583517
2012-08-25 18:00:00,254.534020883877
2012-08-25 19:00:00,148.95900892316257
2012-08-25 20:00:00,100.49745847262231
2012-08-25 21:00:00,77.86593202035691
2012-08-25 22:00:00,77.86593202035691
2012-08-25 23:00:00,107.08495241758182
2012-08-26 00:00:00,59.96423862065012
2012-08-26 01:00:00,38.23048160667736
2012-08-26 02:00:00,99.94129736687205
2012-08-26 03:00:00,93.35025841810223
2012-08-26 04:00:00,98.61158468591522
2012-08-26 05:00:00,38.23048160667736
2012-08-26 06:00:00,71.50591266321794
2012-08-26 07:00:00,38.23048160667736
2012-08-26 08:00:00,151.33336221361958
2012-08-26 09:00:00,146.18101214550552
2012-08-26 10:00:00,341.2696672446717
2012-08-26 11:00:00,338.1752612371731
2012-08-26 12:00:00,310.63650031474316
2012-08-26 13:00:00,179.3819375500007
2012-08-26 14:00:00,39.13862106876894
2012-08-26 15:00:00,78.82821856084932
2012-08-26 16:00:00,78.82821856084932
2012-08-26 17:00:00,46.208558140136574
2012-08-26 18:00:00,100.93230256863777
2012-08-26 19:00:00,112.29946376879461
2012-08-26 20:00:00,55.7810775584677
2012-08-26 21:00:00,36.328222113132256
2012-08-26 22:00:00,42.40737084376667
2012-08-26 23:00:00,47.80217871629197
2012-08-27 00:00:00,81.24922151016906
2012-08-27 01:00:00,80.5158404245876
2012-08-27 02:00:00,96.09428496292274
2012-08-27 03:00:00,80.5158404245876
2012-08-27 04:00:00,81.24922151016906
2012-08-27 05:00:00,72.67384024300478
2012-08-27 06:00:00,72.67384024300478
2012-08-27 07:00:00,86.30360367758261
2012-08-27 08:00:00,92.30277730883583
2012-08-27 09:00:00,124.91118335997301
2012-08-27 10:00:00,209.4206816889822
2012-08-27 11:00:00,264.25326902656326
2012-08-27 12:00:00,215.682665530696
2012-08-27 13:00:00,340.38707190866324
2012-08-27 14:00:00,295.0614313545751
2012-08-27 15:00:00,359.1318273723444
2012-08-27 16:00:00,376.69637862781155
2012-08-27 17:00:00,327.9610736494292
2012-08-27 18:00:00,304.3814412727313
2012-08-27 19:00:00,278.59955202379774
2012-08-27 20:00:00,263.1262447499583
2012-08-27 21:00:00,214.23520589833976
2012-08-27 22:00:00,118.980672561917
2012-08-27 23:00:00,167.73690539098243
2012-08-28 00:00:00,149.49555574125873
2012-08-28 01:00:00,101.76881797303736
2012-08-28 02:00:00,153.8850221021317
2012-08-28 03:00:00,98.05706958344419
2012-08-28 04:00:00,115.46102100212025
2012-08-28 05:00:00,161.62366956655475
2012-08-28 06:00:00,166.41569589283316
2012-08-28 07:00:00,190.884814544284
2012-08-28 08:00:00,131.23972288570997
2012-08-28 09:00:00,219.72090531336556
2012-08-28 10:00:00,321.6158791773402
2012-08-28 11:00:00,346.8931522109394
2012-08-28 12:00:00,345.0972046709683
2012-08-28 13:00:00,249.30252859898593
2012-08-28 14:00:00,280.6431733745267
2012-08-28 15:00:00,290.8960666641207
2012-08-28 16:00:00,331.8717292351881
2012-08-28 17:00:00,295.1640053563033
2012-08-28 18:00:00,408.05766314445407
2012-08-28 19:00:00,363.5635813423594
2012-08-28 20:00:00,299.2109274913195
2012-08-28 21:00:00,267.24323201923755
2012-08-28 22:00:00,208.7673032895036
2012-08-28 23:00:00,147.30242234690115
2012-08-29 00:00:00,77.75991664493372
2012-08-29 01:00:00,174.11594900492366
2012-08-29 02:00:00,157.08949871360767
2012-08-29 03:00:00,138.8326179004418
2012-08-29 04:00:00,161.17240288474756
2012-08-29 05:00:00,150.54355314879203
2012-08-29 06:00:00,150.54355314879203
2012-08-29 07:00:00,162.61921317244745
2012-08-29 08:00:00,208.6387354434337
2012-08-29 09:00:00,323.71404199439024
2012-08-29 10:00:00,344.23705075997674
2012-08-29 11:00:00,264.00045897437553
2012-08-29 12:00:00,305.81694546487165
2012-08-29 13:00:00,315.47528860674265
2012-08-29 14:00:00,334.0186545784774
2012-08-29 15:00:00,434.6614771399274
2012-08-29 16:00:00,368.68615866305686
2012-08-29 17:00:00,365.2839219601425
2012-08-29 18:00:00,420.53526999643805
2012-08-29 19:00:00,295.528125358671
2012-08-29 20:00:00,147.30242234690115
2012-08-29 21:00:00,198.23954462882844
2012-08-29 22:00:00,137.44450018357338
2012-08-29 23:00:00,133.54010177834093
2012-08-30 00:00:00,111.86259557031879
2012-08-30 01:00:00,156.7375951662492
2012-08-30 02:00:00,108.16992196340897
2012-08-30 03:00:00,108.16992196340897
2012-08-30 04:00:00,108.16992196340897
2012-08-30 05:00:00,108.16992196340897
2012-08-30 06:00:00,134.8458469008203
2012-08-30 07:00:00,110.61829166369401
2012-08-30 08:00:00,119.3245263277588
2012-08-30 09:00:00,181.31402032609262
2012-08-30 10:00:00,190.26741501685365
2012-08-30 11:00:00,334.0186545784774
2012-08-30 12:00:00,358.25904330283817
2012-08-30 13:00:00,314.6191498001352
2012-08-30 14:00:00,344.70458117506377
2012-08-30 15:00:00,324.5294373500726
2012-08-30 16:00:00,327.399580603212
2012-08-30 17:00:00,338.88188913998755
2012-08-30 18:00:00,360.41930694903033
2012-08-30 19:00:00,344.70458117506377
2012-08-30 20:00:00,281.240408651196
2012-08-30 21:00:00,220.6463477493482
2012-08-30 22:00:00,152.7361325555591
2012-08-30 23:00:00,153.11509490175231
2012-08-31 00:00:00,124.10528683603832
2012-08-31 01:00:00,124.10528683603832
2012-08-31 02:00:00,98.05706958344419
2012-08-31 03:00:00,106.6941188584014
2012-08-31 04:00:00,92.04836729389726
2012-08-31 05:00:00,123.40927738818897
2012-08-31 06:00:00,177.79502131564033
2012-08-31 07:00:00,133.43777002173942
2012-08-31 08:00:00,270.4965879282476
2012-08-31 09:00:00,175.57869401984837
2012-08-31 10:00:00,269.1790677644957
2012-08-31 11:00:00,238.70501134931163
2012-08-31 12:00:00,333.45845978665113
2012-08-31 13:00:00,205.74847881920266
2012-08-31 14:00:00,256.087346831953
2012-08-31 15:00:00,236.35828173233384
2012-08-31 16:00:00,295.9461778893735
2012-08-31 17:00:00,288.925009628085
2012-08-31 18:00:00,390.9949619329213
2012-08-31 19:00:00,332.4605284769101
2012-08-31 20:00:00,332.4605284769101
2012-08-31 21:00:00,294.5508283288868
2012-08-31 22:00:00,294.5508283288868
2012-08-31 23:00:00,266.43900211154624
2012-09-20 00:00:00,156.06066980762395
2012-09-20 01:00:00,128.48306327988257
2012-09-20 02:00:00,108.76197231896906
2012-09-20 03:00:00,109.13098526838769
2012-09-20 04:00:00,117.8495612238289
2012-09-20 05:00:00,117.8495612238289
2012-09-20 06:00:00,109.13098526838769
2012-09-20 07:00:00,112.45355695582242
2012-09-20 08:00:00,145.18812557339345
2012-09-20 09:00:00,206.90429369975087
2012-09-20 10:00:00,214.4520141729546
2012-09-20 11:00:00,268.0381071525943
2012-09-20 12:00:00,343.44098345687075
2012-09-20 13:00:00,324.802203792639
2012-09-20 14:00:00,302.8286561130213
2012-09-20 15:00:00,307.96644920371585
2012-09-20 16:00:00,294.8849831202153
2012-09-20 17:00:00,278.7878157891189
2012-09-20 18:00:00,187.5927781377388
2012-09-20 19:00:00,253.43087315115156
2012-09-20 20:00:00,230.5514165140204
2012-09-20 21:00:00,207.87605958013222
2012-09-20 22:00:00,156.18207929337663
2012-09-20 23:00:00,179.25339473870804
2012-09-21 00:00:00,165.55387541729849
2012-09-21 01:00:00,138.83131366696193
2012-09-21 02:00:00,138.83131366696193
2012-09-21 03:00:00,112.13295893420866
2012-09-21 04:00:00,119.75923727108409
2012-09-21 05:00:00,110.97417936778524
2012-09-21 06:00:00,112.13295893420866
2012-09-21 07:00:00,134.74179629132632
2012-09-21 08:00:00,156.96443437147104
2012-09-21 09:00:00,217.33881519467562
2012-09-21 10:00:00,245.24406062971389
2012-09-21 11:00:00,234.31097243877952
2012-09-21 12:00:00,301.2660971751326
2012-09-21 13:00:00,297.2516603397465
2012-09-21 14:00:00,305.87879312321445
2012-09-21 15:00:00,306.5960006372048
2012-09-21 16:00:00,295.528125358671
2012-09-21 17:00:00,312.7680186388957
2012-09-21 18:00:00,228.20641535283067
2012-09-21 19:00:00,260.09147577394464
2012-09-21 20:00:00,180.55760092758555
2012-09-21 21:00:00,179.02574397017844
2012-09-21 22:00:00,150.54355314879203
2012-09-21 23:00:00,163.27461094485912
2012-09-22 00:00:00,121.45363261054217
2012-09-22 01:00:00,103.04495758273212
2012-09-22 02:00:00,91.12147696203806
2012-09-22 03:00:00,104.98503219364677
2012-09-22 04:00:00,104.98503219364677
2012-09-22 05:00:00,87.67604301960336
2012-09-22 06:00:00,105.5705946945587
2012-09-22 07:00:00,107.45118266124857
2012-09-22 08:00:00,123.01157798228832
2012-09-22 09:00:00,165.33019409222487
2012-09-22 10:00:00,241.7578083517028
2012-09-22 11:00:00,261.3375383947797
2012-09-22 12:00:00,332.9193602891951
2012-09-22 13:00:00,389.0527674229004
2012-09-22 14:00:00,429.5605643889654
2012-09-22 15:00:00,424.6422262275397
2012-09-22 16:00:00,378.47724812042054
2012-09-22 17:00:00,378.47724812042054
2012-09-22 18:00:00,341.2903117866619
2012-09-22 19:00:00,223.89170136829551
2012-09-22 20:00:00,335.3689962809493
2012-09-22 21:00:00,294.51308042841396
2012-09-22 22:00:00,212.13681206921686
2012-09-22 23:00:00,325.8827402072284
2012-09-23 00:00:00,569.2520171011299
2012-09-23 01:00:00,225.76397957685646
2012-09-23 02:00:00,325.66190375523394
2012-09-23 03:00:00,233.32897832338494
2012-09-23 04:00:00,231.46815181907562
2012-09-23 05:00:00,202.1111231888488
2012-09-23 06:00:00,194.6189108141841
2012-09-23 07:00:00,225.14267961794684
2012-09-23 08:00:00,196.03089783122658
2012-09-23 09:00:00,207.02259673394394
2012-09-23 10:00:00,366.37858611653473
2012-09-23 11:00:00,381.3170790170257
2012-09-23 12:00:00,439.89519717038655
2012-09-23 13:00:00,576.418823006096
2012-09-23 14:00:00,591.521520446734
2012-09-23 15:00:00,518.628216612195
2012-09-23 16:00:00,448.36629511612574
2012-09-23 17:00:00,452.6174228722288
2012-09-23 18:00:00,491.6266956891458
2012-09-23 19:00:00,450.5063407752241
2012-09-23 20:00:00,450.5063407752241
2012-09-23 21:00:00,337.43133069871493
2012-09-23 22:00:00,441.96238189361367
2012-09-23 23:00:00,292.5935115630691
2012-09-24 00:00:00,229.4299302451436
2012-09-24 01:00:00,193.5328818487055
2012-09-24 02:00:00,252.68032695629506
2012-09-24 03:00:00,251.56551839615167
2012-09-24 04:00:00,223.9221272619705
2012-09-24 05:00:00,253.2098983181389
2012-09-24 06:00:00,259.97283682889787
2012-09-24 07:00:00,193.5328818487055
2012-09-24 08:00:00,256.1688637858392
2012-09-24 09:00:00,283.2327172543369
2012-09-24 10:00:00,319.8610458955371
2012-09-24 11:00:00,385.3310008014181
2012-09-24 12:00:00,381.12834850528316
2012-09-24 13:00:00,317.54158678404656
2012-09-24 14:00:00,374.774179449459
2012-09-24 15:00:00,287.6859128613135
2012-09-24 16:00:00,382.49419966182654
2012-09-24 17:00:00,351.5440278631549
2012-09-24 18:00:00,368.6412021482955
2012-09-24 19:00:00,389.83562186246763
2012-09-24 20:00:00,305.37941074249875
2012-09-24 21:00:00,292.6499510197912
2012-09-24 22:00:00,297.55576071106094
2012-09-24 23:00:00,251.16428970607114
2012-09-25 00:00:00,198.0375927012569
2012-09-25 01:00:00,195.95671632136512
2012-09-25 02:00:00,172.0823816968056
2012-09-25 03:00:00,203.50566963046452
2012-09-25 04:00:00,201.57724189181857
2012-09-25 05:00:00,164.86348542544104
2012-09-25 06:00:00,176.08136695672832
2012-09-25 07:00:00,166.76061497866866
2012-09-25 08:00:00,193.49184980304813
2012-09-25 09:00:00,257.7763937402149
2012-09-25 10:00:00,250.0269185057556
2012-09-25 11:00:00,300.5190555145038
2012-09-25 12:00:00,319.26974559073483
2012-09-25 13:00:00,332.72855140408865
2012-09-25 14:00:00,366.87649191537355
2012-09-25 15:00:00,369.45908611764645
2012-09-25 16:00:00,380.5364007063313
2012-09-25 17:00:00,384.7868774686858
2012-09-25 18:00:00,345.63420253267344
2012-09-25 19:00:00,306.33931618703133
2012-09-25 20:00:00,328.56570821772635
2012-09-25 21:00:00,328.56570821772635
2012-09-25 22:00:00,343.63857019417173
2012-09-25 23:00:00,324.40221611221045
2012-09-26 00:00:00,311.7716285199855
2012-09-26 01:00:00,343.5381285010987
2012-09-26 02:00:00,364.23484767488856
2012-09-26 03:00:00,364.23484767488856
2012-09-26 04:00:00,209.7576898725721
2012-09-26 05:00:00,214.0989810803165
2012-09-26 06:00:00,205.5728746791906
2012-09-26 07:00:00,216.93436384687294
2012-09-26 08:00:00,183.0401059180412
2012-09-26 09:00:00,421.7583852933232
2012-09-26 10:00:00,245.64415087508348
2012-09-26 11:00:00,397.1097537104087
2012-09-26 12:00:00,446.5939292364776
2012-09-26 13:00:00,439.0714324922706
2012-09-26 14:00:00,414.27265070728515
2012-09-26 15:00:00,380.16334060369593
2012-09-26 16:00:00,415.56160714516705
2012-09-26 17:00:00,380.16334060369593
2012-09-26 18:00:00,481.8113056442809
2012-09-26 19:00:00,482.32796503080186
2012-09-26 20:00:00,322.2709468613593
2012-09-26 21:00:00,395.7747912191487
2012-09-26 22:00:00,417.27113794669935
2012-09-26 23:00:00,260.6947010279207
2012-09-27 00:00:00,218.6023893797713
2012-09-27 01:00:00,218.6023893797713
2012-09-27 02:00:00,218.6023893797713
2012-09-27 03:00:00,209.61452387837798
2012-09-27 04:00:00,68.7768642517343
2012-09-27 05:00:00,168.4752741476642
2012-09-27 06:00:00,126.38356336758787
2012-09-27 07:00:00,209.61452387837798
2012-09-27 08:00:00,328.53175137652363
2012-09-27 09:00:00,427.8277123648267
2012-09-27 10:00:00,387.14036872902744
2012-09-27 11:00:00,397.44909849398596
2012-09-27 12:00:00,357.2622907401667
2012-09-27 13:00:00,366.7582758529552
2012-09-27 14:00:00,309.4966232811573
2012-09-27 15:00:00,347.6632738852179
2012-09-27 16:00:00,321.66979694181657
2012-09-27 17:00:00,339.1401873589283
2012-09-27 18:00:00,344.1793795954329
2012-09-27 19:00:00,475.3547881129705
2012-09-27 20:00:00,386.7064630054562
2012-09-27 21:00:00,268.85655039508083
2012-09-27 22:00:00,268.85655039508083
2012-09-27 23:00:00,267.75530931858634
2012-09-28 00:00:00,209.22995439558716
2012-09-28 01:00:00,156.38961777064807
2012-09-28 02:00:00,195.8392828114802
2012-09-28 03:00:00,214.90967893417877
2012-09-28 04:00:00,149.3347278247435
2012-09-28 05:00:00,111.99818264768192
2012-09-28 06:00:00,92.91237923635094
2012-09-28 07:00:00,65.11436902694703
2012-09-28 08:00:00,195.6195003548819
2012-09-28 09:00:00,252.98631667471167
2012-09-28 10:00:00,266.3126410450143
2012-09-28 11:00:00,294.66313152196926
2012-09-28 12:00:00,381.7532676664739
2012-09-28 13:00:00,404.7145154077816
2012-09-28 14:00:00,381.7532676664739
2012-09-28 15:00:00,337.4298622611673
2012-09-28 16:00:00,321.3231848209022
2012-09-28 17:00:00,328.7333578817612
2012-09-28 18:00:00,327.909344185646
2012-09-28 19:00:00,431.73914118170904
2012-09-28 20:00:00,463.1406517591515
2012-09-28 21:00:00,474.1926693644508
2012-09-28 22:00:00,327.58669067029825
2012-09-28 23:00:00,280.1104389910432
2012-09-29 00:00:00,309.5160069640407
2012-09-29 01:00:00,309.5160069640407
2012-09-29 02:00:00,277.95913743059384
2012-09-29 03:00:00,299.37774363448375
2012-09-29 04:00:00,278.005311167768
2012-09-29 05:00:00,261.6676208724107
2012-09-29 06:00:00,225.1505363999424
2012-09-29 07:00:00,162.46160656678833
2012-09-29 08:00:00,184.89075945033895
2012-09-29 09:00:00,261.6676208724107
2012-09-29 10:00:00,275.53521096861834
2012-09-29 11:00:00,302.73650449448337
2012-09-29 12:00:00,502.84399043439043
2012-09-29 13:00:00,502.84399043439043
2012-09-29 14:00:00,510.22914367578164
2012-09-29 15:00:00,500.70801868540525
2012-09-29 16:00:00,507.3786138255301
2012-09-29 17:00:00,512.8924032771022
2012-09-29 18:00:00,411.45713150572163
2012-09-29 19:00:00,327.6105763887234
2012-09-29 20:00:00,309.0730669458332
2012-09-29 21:00:00,329.35638353993346
2012-09-29 22:00:00,308.5502985263945
2012-09-29 23:00:00,302.86657450567634
2012-09-30 00:00:00,313.68894347325374
2012-09-30 01:00:00,313.68894347325374
2012-09-30 02:00:00,286.95198774107877
2012-09-30 03:00:00,203.702583005428
2012-09-30 04:00:00,203.702583005428
2012-09-30 05:00:00,181.34339901303466
2012-09-30 06:00:00,190.14701454306933
2012-09-30 07:00:00,150.2556505231858
2012-09-30 08:00:00,222.7497092458387
2012-09-30 09:00:00,345.38098942343413
2012-09-30 10:00:00,446.1431093040495
2012-09-30 11:00:00,535.832517165322
2012-09-30 12:00:00,502.84399043439043
2012-09-30 13:00:00,507.3786138255301
2012-09-30 14:00:00,507.3786138255301
2012-09-30 15:00:00,586.1860345641221
2012-09-30 16:00:00,608.5818268160562
2012-09-30 17:00:00,548.1309031193672
2012-09-30 18:00:00,180.4774930207673
2012-09-30 19:00:00,209.37592563806697
2012-09-30 20:00:00,209.37592563806697
2012-09-30 21:00:00,261.079550650392
2012-09-30 22:00:00,201.06152153000224
2012-09-30 23:00:00,209.47543625529806
2012-10-20 00:00:00,142.50249919831464
2012-10-20 01:00:00,176.10236270656225
2012-10-20 02:00:00,157.85663411645464
2012-10-20 03:00:00,151.07411077948655
2012-10-20 04:00:00,181.34339901303466
2012-10-20 05:00:00,131.023777442286
2012-10-20 06:00:00,197.74035920053691
2012-10-20 07:00:00,131.023777442286
2012-10-20 08:00:00,175.73691118955117
2012-10-20 09:00:00,269.8924573430832
2012-10-20 10:00:00,315.038187084538
2012-10-20 11:00:00,324.617600263712
2012-10-20 12:00:00,408.9242035468278
2012-10-20 13:00:00,461.1287685517806
2012-10-20 14:00:00,523.3042984509182
2012-10-20 15:00:00,479.4605409903478
2012-10-20 16:00:00,398.18374455301534
2012-10-20 17:00:00,474.7172023103785
2012-10-20 18:00:00,469.846016105108
2012-10-20 19:00:00,356.8359579189614
2012-10-20 20:00:00,427.0005294286009
2012-10-20 21:00:00,307.75809823894366
2012-10-20 22:00:00,274.60939416375265
2012-10-20 23:00:00,283.25977124146783
2012-10-21 00:00:00,229.35753614483687
2012-10-21 01:00:00,221.5303605824054
2012-10-21 02:00:00,219.02906405258662
2012-10-21 03:00:00,186.30310339636645
2012-10-21 04:00:00,149.9314032556429
2012-10-21 05:00:00,186.30310339636645
2012-10-21 06:00:00,252.9822834691223
2012-10-21 07:00:00,252.9822834691223
2012-10-21 08:00:00,210.94903820859125
2012-10-21 09:00:00,242.0303736419359
2012-10-21 10:00:00,259.08383550588894
2012-10-21 11:00:00,335.82383761420124
2012-10-21 12:00:00,410.04403181061775
2012-10-21 13:00:00,458.9132480126584
2012-10-21 14:00:00,534.0678349363305
2012-10-21 15:00:00,426.78004174959364
2012-10-21 16:00:00,474.7172023103785
2012-10-21 17:00:00,419.7848999311398
2012-10-21 18:00:00,476.91041156112806
2012-10-21 19:00:00,405.719324654081
2012-10-21 20:00:00,358.48186619632713
2012-10-21 21:00:00,232.39536102104572
2012-10-21 22:00:00,277.1191896316478
2012-10-21 23:00:00,277.61707273837135
2012-10-22 00:00:00,249.40965632953697
2012-10-22 01:00:00,182.11543091971603
2012-10-22 02:00:00,170.20846159482898
2012-10-22 03:00:00,249.40965632953697
2012-10-22 04:00:00,183.20273365720448
2012-10-22 05:00:00,142.68728350288004
2012-10-22 06:00:00,130.99674642197883
2012-10-22 07:00:00,173.53132129020926
2012-10-22 08:00:00,205.37429310005697
2012-10-22 09:00:00,256.7311729700056
2012-10-22 10:00:00,278.67378464946
2012-10-22 11:00:00,386.14536800818655
2012-10-22 12:00:00,355.0206204896778
2012-10-22 13:00:00,364.9270956383762
2012-10-22 14:00:00,453.58019402290233
2012-10-22 15:00:00,410.5197345369128
2012-10-22 16:00:00,350.8026858545465
2012-10-22 17:00:00,299.36167429843425
2012-10-22 18:00:00,326.12390145469556
2012-10-22 19:00:00,305.37941074249875
2012-10-22 20:00:00,311.04580332049125
2012-10-22 21:00:00,209.71429915155122
2012-10-22 22:00:00,154.57322918372233
2012-10-22 23:00:00,159.57061573416638
2012-10-23 00:00:00,143.14098300081525
2012-10-23 01:00:00,187.75533920848045
2012-10-23 02:00:00,120.92011100163876
2012-10-23 03:00:00,175.3918012870134
2012-10-23 04:00:00,178.50105588204863
2012-10-23 05:00:00,168.86806901096136
2012-10-23 06:00:00,117.33807159444883
2012-10-23 07:00:00,216.38776706090925
2012-10-23 08:00:00,216.6959268074938
2012-10-23 09:00:00,256.7587461500791
2012-10-23 10:00:00,313.9825495319455
2012-10-23 11:00:00,270.42904646988984
2012-10-23 12:00:00,209.16723263945693
2012-10-23 13:00:00,249.7026841821799
2012-10-23 14:00:00,467.35830326220963
2012-10-23 15:00:00,416.2161663819786
2012-10-23 16:00:00,354.24867247391
2012-10-23 17:00:00,392.4058903085775
2012-10-23 18:00:00,286.8517815200571
2012-10-23 19:00:00,415.1341168202431
2012-10-23 20:00:00,409.1177318660162
2012-10-23 21:00:00,266.1224361793608
2012-10-23 22:00:00,305.1297718895175
2012-10-23 23:00:00,228.37126370758585
2012-10-24 00:00:00,208.7562395842441
2012-10-24 01:00:00,250.98905383206812
2012-10-24 02:00:00,250.98905383206812
2012-10-24 03:00:00,196.6921056567746
2012-10-24 04:00:00,196.6921056567746
2012-10-24 05:00:00,158.65083994189877
2012-10-24 06:00:00,167.88921602795875
2012-10-24 07:00:00,131.14900282732276
2012-10-24 08:00:00,184.52306866578292
2012-10-24 09:00:00,202.9383719348953
2012-10-24 10:00:00,190.30304434389757
2012-10-24 11:00:00,394.00063257861126
2012-10-24 12:00:00,421.2458815719345
2012-10-24 13:00:00,305.332629215417
2012-10-24 14:00:00,388.1002187123382
2012-10-24 15:00:00,464.22519417269746
2012-10-24 16:00:00,429.66489871269744
2012-10-24 17:00:00,294.4168403702914
2012-10-24 18:00:00,308.7306305229651
2012-10-24 19:00:00,271.02903145339366
2012-10-24 20:00:00,383.56018324717536
2012-10-24 21:00:00,421.24534819868086
2012-10-24 22:00:00,450.6507543686092
2012-10-24 23:00:00,316.40211899472257
2012-10-25 00:00:00,454.30348820769467
2012-10-25 01:00:00,313.3664966997936
2012-10-25 02:00:00,177.25147017287267
2012-10-25 03:00:00,153.06057452084136
2012-10-25 04:00:00,162.47425410418035
2012-10-25 05:00:00,185.3838426039305
2012-10-25 06:00:00,173.90459331995697
2012-10-25 07:00:00,173.90459331995697
2012-10-25 08:00:00,201.2204521035476
2012-10-25 09:00:00,188.42952750973345
2012-10-25 10:00:00,157.69491765048383
2012-10-25 11:00:00,172.56273537457716
2012-10-25 12:00:00,205.53288282575107
2012-10-25 13:00:00,166.125420287415
2012-10-25 14:00:00,284.3399641946233
2012-10-25 15:00:00,460.32135699747084
2012-10-25 16:00:00,307.82456212258023
2012-10-25 17:00:00,307.82456212258023
2012-10-25 18:00:00,171.63382737737348
2012-10-25 19:00:00,150.39797180418088
2012-10-25 20:00:00,153.06057452084136
2012-10-25 21:00:00,153.06057452084136
2012-10-25 22:00:00,146.79414712940795
2012-10-25 23:00:00,157.69491765048383
2012-10-26 00:00:00,171.2870335341565
2012-10-26 01:00:00,139.90264025332232
2012-10-26 02:00:00,162.47425410418035
2012-10-26 03:00:00,185.3838426039305
2012-10-26 04:00:00,185.3838426039305
2012-10-26 05:00:00,162.47425410418035
2012-10-26 06:00:00,139.90264025332232
2012-10-26 07:00:00,162.47425410418035
2012-10-26 08:00:00,140.80746101826534
2012-10-26 09:00:00,140.80746101826534
2012-10-26 10:00:00,152.69037027529882
2012-10-26 11:00:00,213.0724312827232
2012-10-26 12:00:00,248.39185413906625
2012-10-26 13:00:00,336.0078320797677
2012-10-26 14:00:00,450.6507543686092
2012-10-26 15:00:00,421.24534819868086
2012-10-26 16:00:00,261.51536991650465
2012-10-26 17:00:00,202.8058539545364
2012-10-26 18:00:00,185.82786425618076
2012-10-26 19:00:00,183.1870469308268
2012-10-26 20:00:00,183.1870469308268
2012-10-26 21:00:00,222.5239543294811
2012-10-26 22:00:00,172.12448061538413
2012-10-26 23:00:00,185.19861409657702
2012-10-27 00:00:00,141.8475595614535
2012-10-27 01:00:00,170.22998767960064
2012-10-27 02:00:00,184.38758816841877
2012-10-27 03:00:00,168.111867997887
2012-10-27 04:00:00,208.47029917599613
2012-10-27 05:00:00,220.07087093581114
2012-10-27 06:00:00,220.07087093581114
2012-10-27 07:00:00,139.63896954064384
2012-10-27 08:00:00,166.93105100104697
2012-10-27 09:00:00,166.93105100104697
2012-10-27 10:00:00,186.1166110762556
2012-10-27 11:00:00,313.1803335570532
2012-10-27 12:00:00,431.69304214734836
2012-10-27 13:00:00,500.70801868540525
2012-10-27 14:00:00,468.3317769539706
2012-10-27 15:00:00,326.6024920589271
2012-10-27 16:00:00,337.2419359225582
2012-10-27 17:00:00,337.2419359225582
2012-10-27 18:00:00,337.2419359225582
2012-10-27 19:00:00,276.01240264325554
2012-10-27 20:00:00,276.01240264325554
2012-10-27 21:00:00,276.01240264325554
2012-10-27 22:00:00,261.0541657204677
2012-10-27 23:00:00,262.40950274774934
2012-10-28 00:00:00,246.85044720490592
2012-10-28 01:00:00,234.14928115526655
2012-10-28 02:00:00,244.58806281432012
2012-10-28 03:00:00,230.13827505253988
2012-10-28 04:00:00,220.01334414099685
2012-10-28 05:00:00,245.57754643296474
2012-10-28 06:00:00,230.03029095224974
2012-10-28 07:00:00,243.9231137327091
2012-10-28 08:00:00,253.13142990237458
2012-10-28 09:00:00,233.89443595497022
2012-10-28 10:00:00,220.62146826109174
2012-10-28 11:00:00,241.29967110139265
2012-10-28 12:00:00,186.0307270331953
2012-10-28 13:00:00,184.93287204543273
2012-10-28 14:00:00,201.80406940832015
2012-10-28 15:00:00,193.0645358615028
2012-10-28 16:00:00,157.7861530734371
2012-10-28 17:00:00,143.9838209711302
2012-10-28 18:00:00,98.73545877990391
2012-10-28 19:00:00,110.22540215381923
2012-10-28 20:00:00,104.34797316927055
2012-10-28 21:00:00,104.59485770794981
2012-10-28 22:00:00,118.54734465926381
2012-10-28 23:00:00,110.22540215381923
2012-10-29 00:00:00,90.23877652105759
2012-10-30 13:00:00,58.53969902805216
2012-10-30 14:00:00,58.53969902805216
2012-10-30 15:00:00,82.15574677228857
2012-10-30 16:00:00,82.15574677228857
2012-10-30 17:00:00,72.77580829594828
2012-10-30 18:00:00,74.80440542944737
2012-10-30 19:00:00,262.8042293252307
2012-10-30 20:00:00,150.6663726809532
2012-10-30 21:00:00,129.68787353215862
2012-10-30 22:00:00,113.59857769402521
2012-10-30 23:00:00,113.59857769402521
2012-10-31 00:00:00,149.95172025556627
2012-10-31 01:00:00,134.11822856950695
2012-10-31 02:00:00,142.13556661682492
2012-10-31 03:00:00,149.95172025556627
2012-10-31 04:00:00,139.3389265890968
2012-10-31 05:00:00,142.13556661682492
2012-10-31 06:00:00,127.16882573090308
2012-10-31 07:00:00,127.1480274700489
2012-10-31 08:00:00,124.35470802090728
2012-10-31 09:00:00,131.38145704874321
2012-10-31 10:00:00,168.38793427837896
2012-10-31 11:00:00,181.81944838662898
2012-10-31 12:00:00,256.5151609540118
2012-10-31 13:00:00,274.78904463863546
2012-10-31 14:00:00,286.1668790246568
2012-10-31 15:00:00,261.7062867845909
2012-10-31 16:00:00,262.60697622667163
2012-10-31 17:00:00,295.3611539600354
2012-10-31 18:00:00,295.3611539600354
2012-10-31 19:00:00,295.188843734573
2012-10-31 20:00:00,295.188843734573
2012-10-31 21:00:00,295.188843734573
2012-10-31 22:00:00,264.7815493659751
2012-10-31 23:00:00,241.21155465781573
2012-11-20 00:00:00,148.26791257085162
2012-11-20 01:00:00,152.572564034417
2012-11-20 02:00:00,156.48250823543677
2012-11-20 03:00:00,204.57366828479095
2012-11-20 04:00:00,169.18936440274166
2012-11-20 05:00:00,155.81522056825642
2012-11-20 06:00:00,198.093924462967
2012-11-20 07:00:00,120.34923027787724
2012-11-20 08:00:00,153.53668947311948
2012-11-20 09:00:00,197.3100017786267
2012-11-20 10:00:00,204.31649753501927
2012-11-20 11:00:00,223.4475510360424
2012-11-20 12:00:00,229.27627699678874
2012-11-20 13:00:00,279.16404713607636
2012-11-20 14:00:00,310.0312159592942
2012-11-20 15:00:00,268.58575816112983
2012-11-20 16:00:00,275.67614083268893
2012-11-20 17:00:00,240.44309573716936
2012-11-20 18:00:00,204.31649753501927
2012-11-20 19:00:00,214.43020326736936
2012-11-20 20:00:00,187.56310163297147
2012-11-20 21:00:00,166.15266568589286
2012-11-20 22:00:00,166.15266568589286
2012-11-20 23:00:00,130.46872867587936
2012-11-21 00:00:00,107.67194909943083
2012-11-21 01:00:00,130.46872867587936
2012-11-21 02:00:00,108.21089706214403
2012-11-21 03:00:00,108.21089706214403
2012-11-21 04:00:00,108.21089706214403
2012-11-21 05:00:00,108.21089706214403
2012-11-21 06:00:00,86.23973207474023
2012-11-21 07:00:00,114.9948467198314
2012-11-21 08:00:00,128.82573378110285
2012-11-21 09:00:00,120.34923027787724
2012-11-21 10:00:00,223.0759925757236
2012-11-21 11:00:00,273.2991790537052
2012-11-21 12:00:00,335.8907724133448
2012-11-21 13:00:00,340.1430113809272
2012-11-21 14:00:00,347.8260980080843
2012-11-21 15:00:00,334.19090978593505
2012-11-21 16:00:00,321.9572736301458
2012-11-21 17:00:00,315.0232116919037
2012-11-21 18:00:00,383.35672797074454
2012-11-21 19:00:00,323.0087628055239
2012-11-21 20:00:00,240.6469497762405
2012-11-21 21:00:00,241.13992735647162
2012-11-21 22:00:00,238.29453150276294
2012-11-21 23:00:00,196.31702907473874
2012-11-22 00:00:00,84.48382826728269
2012-11-22 01:00:00,28.30435016032466
2012-11-22 02:00:00,0.21979039021820768
2012-11-22 03:00:00,15.481435639992064
2012-11-22 04:00:00,23.88639109612234
2012-11-22 05:00:00,15.481435639992064
2012-11-22 06:00:00,26.145527823668978
2012-11-22 07:00:00,28.257192602821654
2012-11-22 08:00:00,8.500736056270789
2012-11-22 09:00:00,72.53173786800932
2012-11-22 10:00:00,200.52707906720852
2012-11-22 11:00:00,350.80869452532056
2012-11-22 12:00:00,428.8630206532004
2012-11-22 13:00:00,457.1033680824305
2012-11-22 14:00:00,462.09706189228064
2012-11-22 15:00:00,462.09706189228064
2012-11-22 16:00:00,444.83180879725705
2012-11-22 17:00:00,428.8630206532004
2012-11-22 18:00:00,321.1419095123774
2012-11-22 19:00:00,111.90591822436417
2012-11-22 20:00:00,118.01601306567733
2012-11-22 21:00:00,155.12759752916168
2012-11-22 22:00:00,148.04916891973818
2012-11-22 23:00:00,70.78663591293456
2012-11-23 00:00:00,94.97294790310988
2012-11-23 01:00:00,96.9727693863025
2012-11-23 02:00:00,90.67065755337217
2012-11-23 03:00:00,88.28841226351565
2012-11-23 04:00:00,106.39913059176709
2012-11-23 05:00:00,86.15085560429961
2012-11-23 06:00:00,86.15085560429961
2012-11-23 07:00:00,86.15085560429961
2012-11-23 08:00:00,127.29580415319336
2012-11-23 09:00:00,122.690373747373
2012-11-23 10:00:00,228.85488980378116
2012-11-23 11:00:00,273.2991790537052
2012-11-23 12:00:00,353.17731028882463
2012-11-23 13:00:00,360.9810283641099
2012-11-23 14:00:00,321.40031625510403
2012-11-23 15:00:00,286.5722340367796
2012-11-23 16:00:00,295.30863064266504
2012-11-23 17:00:00,284.19281170219176
2012-11-23 18:00:00,262.7108839090568
2012-11-23 19:00:00,283.40570750179546
2012-11-23 20:00:00,317.52077427064677
2012-11-23 21:00:00,246.89473889401594
2012-11-23 22:00:00,385.39055691846386
2012-11-23 23:00:00,410.74596048188226
2012-11-24 00:00:00,333.38729636872984
2012-11-24 01:00:00,254.85784331469205
2012-11-24 02:00:00,242.657542877992
2012-11-24 03:00:00,183.75551655481382
2012-11-24 04:00:00,180.758759232358
2012-11-24 05:00:00,136.9240102419843
2012-11-24 06:00:00,103.05912199728257
2012-11-24 07:00:00,152.19923387940665
2012-11-24 08:00:00,191.64376520176296
2012-11-24 09:00:00,199.41886641065912
2012-11-24 10:00:00,143.5822546894484
2012-11-24 11:00:00,157.80019250550205
2012-11-24 12:00:00,245.73576422553768
2012-11-24 13:00:00,225.1526396310078
2012-11-24 14:00:00,270.3968825306321
2012-11-24 15:00:00,222.39696929910113
2012-11-24 16:00:00,245.73322640574588
2012-11-24 17:00:00,164.2669898232745
2012-11-24 18:00:00,240.8847185255753
2012-11-24 19:00:00,115.267282044712
2012-11-24 20:00:00,103.05912199728257
2012-11-24 21:00:00,119.07855240582957
2012-11-24 22:00:00,104.77880822552612
2012-11-24 23:00:00,119.07855240582957
2012-11-25 00:00:00,111.17142974392422
2012-11-25 01:00:00,119.68265912374956
2012-11-25 02:00:00,188.72501106907424
2012-11-25 03:00:00,139.84521495440347
2012-11-25 04:00:00,139.84521495440347
2012-11-25 05:00:00,91.92448007697573
2012-11-25 06:00:00,77.8305843818394
2012-11-25 07:00:00,66.8261618394184
2012-11-25 08:00:00,95.26681731477464
2012-11-25 09:00:00,111.74504669173709
2012-11-25 10:00:00,90.23545443095854
2012-11-25 11:00:00,110.18689771057984
2012-11-25 12:00:00,110.18689771057984
2012-11-25 13:00:00,107.6897211708152
2012-11-25 14:00:00,154.63800333908137
2012-11-25 15:00:00,184.10640274603094
2012-11-25 16:00:00,200.82746722553733
2012-11-25 17:00:00,168.19508747333597
2012-11-25 18:00:00,137.28894460182823
2012-11-25 19:00:00,193.59842012934087
2012-11-25 20:00:00,67.68263215360797
2012-11-25 21:00:00,164.21882641046213
2012-11-25 22:00:00,67.68263215360797
2012-11-25 23:00:00,22.785965280501525
2012-11-26 00:00:00,49.9152927523414
2012-11-26 01:00:00,45.774878665564216
2012-11-26 02:00:00,45.774878665564216
2012-11-26 03:00:00,45.774878665564216
2012-11-26 04:00:00,49.9152927523414
2012-11-26 05:00:00,152.03051045337298
2012-11-26 06:00:00,49.9152927523414
2012-11-26 07:00:00,71.99319917193736
2012-11-26 08:00:00,71.99319917193736
2012-11-26 09:00:00,195.9678077875128
2012-11-26 10:00:00,232.98863687796091
2012-11-26 11:00:00,290.4457933035047
2012-11-26 12:00:00,354.5156780655145
2012-11-26 13:00:00,354.5156780655145
2012-11-26 14:00:00,345.17804833597114
2012-11-26 15:00:00,330.5149831813758
2012-11-26 16:00:00,336.4849418310699
2012-11-26 17:00:00,338.2568877477139
2012-11-26 18:00:00,262.56675021135226
2012-11-26 19:00:00,215.29736967077812
2012-11-26 20:00:00,238.29453150276294
2012-11-26 21:00:00,238.29453150276294
2012-11-26 22:00:00,196.31702907473874
2012-11-26 23:00:00,163.39616875585114
2012-11-27 00:00:00,145.10469544124038
2012-11-27 01:00:00,174.33445613762524
2012-11-27 02:00:00,175.50766962349843
2012-11-27 03:00:00,120.57063471909935
2012-11-27 04:00:00,93.01551399819544
2012-11-27 05:00:00,151.5743380212915
2012-11-27 06:00:00,158.82664179130333
2012-11-27 07:00:00,86.493070374381
2012-11-27 08:00:00,103.58447419171075
2012-11-27 09:00:00,158.1346956336782
2012-11-27 10:00:00,97.33417619595238
2012-11-27 11:00:00,59.37005302745816
2012-11-27 12:00:00,60.99372102453687
2012-11-27 13:00:00,82.62078180848664
2012-11-27 14:00:00,47.05282696780274
2012-11-27 15:00:00,137.1600106240434
2012-11-27 16:00:00,137.1600106240434
2012-11-27 17:00:00,146.9278454150321
2012-11-27 18:00:00,77.03728334025791
2012-11-27 19:00:00,102.57009126811104
2012-11-27 20:00:00,62.63056846946053
2012-11-27 21:00:00,113.60409895776363
2012-11-27 22:00:00,114.27989945147921
2012-11-27 23:00:00,146.94279827611354
2012-11-28 00:00:00,147.40138698260895
2012-11-28 01:00:00,140.63323169007418
2012-11-28 02:00:00,140.63323169007418
2012-11-28 03:00:00,142.10356019192238
2012-11-28 04:00:00,140.0899898185669
2012-11-28 05:00:00,131.13396699405905
2012-11-28 06:00:00,155.23925953103094
2012-11-28 07:00:00,137.94118351810374
2012-11-28 08:00:00,170.94670474193285
2012-11-28 09:00:00,161.97296123998396
2012-11-28 10:00:00,240.56101361562793
2012-11-28 11:00:00,262.1131356328
2012-11-28 12:00:00,285.4050068807964
2012-11-28 13:00:00,313.53585796367844
2012-11-28 14:00:00,276.77791425868935
2012-11-28 15:00:00,288.0303032072357
2012-11-28 16:00:00,249.29579082614865
2012-11-28 17:00:00,264.9534857664465
2012-11-28 18:00:00,242.34015702367137
2012-11-28 19:00:00,268.63869078016853
2012-11-28 20:00:00,262.74195533079666
2012-11-28 21:00:00,243.88598235873366
2012-11-28 22:00:00,196.15119127421568
2012-11-28 23:00:00,158.0360009338825
2012-11-29 00:00:00,156.8529491690239
2012-11-29 01:00:00,72.47856190594356
2012-11-29 02:00:00,64.81886225052887
2012-11-29 04:00:00,104.78972198125581
2012-11-29 05:00:00,45.774878665564216
2012-11-29 06:00:00,49.9152927523414
2012-11-29 07:00:00,60.678448163751625
2012-11-29 08:00:00,152.64429203256435
2012-11-29 09:00:00,114.64236404746973
2012-11-29 10:00:00,102.75285753886854
2012-11-29 11:00:00,274.5219899221939
2012-11-29 12:00:00,299.8193203363948
2012-11-29 13:00:00,289.84528958382447
2012-11-29 14:00:00,312.97918280728453
2012-11-29 15:00:00,270.0727587994411
2012-11-29 16:00:00,294.50465213227676
2012-11-29 17:00:00,291.30483126541174
2012-11-29 18:00:00,248.0670878724494
2012-11-29 19:00:00,179.05298069209016
2012-11-29 20:00:00,192.19002975950414
2012-11-29 21:00:00,115.20062692140063
2012-11-29 22:00:00,96.09230359763278
2012-11-29 23:00:00,145.4498314854491
2012-11-30 00:00:00,119.6075926299695
2012-11-30 01:00:00,82.10931056183432
2012-11-30 02:00:00,77.79169629277412
2012-11-30 03:00:00,77.79169629277412
2012-11-30 04:00:00,50.18499331756236
2012-11-30 05:00:00,39.6361972374679
2012-11-30 06:00:00,56.373212780174796
2012-11-30 07:00:00,44.90445761153382
2012-11-30 08:00:00,102.99666119156788
2012-11-30 09:00:00,76.68323463778177
2012-11-30 10:00:00,133.79720627187544
2012-11-30 11:00:00,211.5686353218625
2012-11-30 12:00:00,240.34546108845527
2012-11-30 13:00:00,292.1278676029832
2012-11-30 14:00:00,281.34868067577946
2012-11-30 15:00:00,347.86549628026665
2012-11-30 16:00:00,316.0130244565436
2012-11-30 17:00:00,260.3172221401413
2012-11-30 18:00:00,226.03365003666588
2012-11-30 19:00:00,135.3125230109317
2012-11-30 20:00:00,135.3125230109317
2012-11-30 21:00:00,111.01432851918197
2012-11-30 22:00:00,110.94224770068121
2012-11-30 23:00:00,145.7545660307953
2012-12-20 00:00:00,213.98294105251637
2012-12-20 01:00:00,135.3125230109317
2012-12-20 02:00:00,135.3125230109317
2012-12-20 03:00:00,147.9262390023916
2012-12-20 04:00:00,147.9262390023916
2012-12-20 05:00:00,161.86213006902352
2012-12-20 06:00:00,133.79720627187544
2012-12-20 07:00:00,150.97028062104314
2012-12-20 08:00:00,150.97028062104314
2012-12-20 09:00:00,150.97028062104314
2012-12-20 10:00:00,156.51093678672333
2012-12-20 11:00:00,253.85097793320097
2012-12-20 12:00:00,255.9549105096149
2012-12-20 13:00:00,274.4624622746765
2012-12-20 14:00:00,252.83309724856085
2012-12-20 15:00:00,259.32509285876336
2012-12-20 16:00:00,183.25804145936527
2012-12-20 17:00:00,169.18936440274166
2012-12-20 18:00:00,192.09874474615248
2012-12-20 19:00:00,109.51985794587628
2012-12-20 20:00:00,119.95632563312918
2012-12-20 21:00:00,119.95632563312918
2012-12-20 22:00:00,79.48305547541516
2012-12-20 23:00:00,116.06114322402766
2012-12-21 00:00:00,47.1640504541532
2012-12-21 01:00:00,72.6157053691806
2012-12-21 02:00:00,26.698434094369894
2012-12-21 03:00:00,26.698434094369894
2012-12-21 04:00:00,51.271264523446646
2012-12-21 05:00:00,70.76582500101523
2012-12-21 06:00:00,187.51607677308692
2012-12-21 07:00:00,135.00727392393642
2012-12-21 08:00:00,117.1476263118634
2012-12-21 09:00:00,192.6094033701291
2012-12-21 10:00:00,135.41309859193586
2012-12-21 11:00:00,171.52224399731148
2012-12-21 12:00:00,157.72444290952808
2012-12-21 13:00:00,152.24441633808607
2012-12-21 14:00:00,148.8099410048577
2012-12-21 15:00:00,160.7807339686198
2012-12-21 16:00:00,146.91649360597495
2012-12-21 17:00:00,138.2478691596276
2012-12-21 18:00:00,138.81350826794755
2012-12-21 19:00:00,101.06269984275161
2012-12-21 20:00:00,108.18539690250995
2012-12-21 21:00:00,118.34041604477831
2012-12-21 22:00:00,104.72029138024506
2012-12-21 23:00:00,83.39436963768026
2012-12-22 00:00:00,81.65196224181543
2012-12-22 01:00:00,92.00921617113141
2012-12-22 02:00:00,81.67873311774
2012-12-22 03:00:00,80.82845448098608
2012-12-22 04:00:00,70.91948907088019
2012-12-22 05:00:00,81.41148179559042
2012-12-22 06:00:00,94.48063783806171
2012-12-22 07:00:00,94.48063783806171
2012-12-22 08:00:00,82.99810910575275
2012-12-22 09:00:00,83.85154071930033
2012-12-22 10:00:00,98.270342382983
2012-12-22 11:00:00,112.73578632688736
2012-12-22 12:00:00,126.62670297257246
2012-12-22 13:00:00,112.77098804000633
2012-12-22 14:00:00,112.5361084958293
2012-12-22 15:00:00,160.83621280750617
2012-12-22 16:00:00,111.04809687122298
2012-12-22 17:00:00,116.19910201288138
2012-12-22 18:00:00,89.6678881544558
2012-12-22 19:00:00,84.87721547931358
2012-12-22 20:00:00,55.08584320178787
2012-12-22 21:00:00,70.74271850958203
2012-12-22 22:00:00,70.74271850958203
2012-12-22 23:00:00,60.64998810668263
2012-12-23 00:00:00,74.57220220211876
2012-12-23 01:00:00,67.84301626281129
2012-12-23 02:00:00,56.558100955879574
2012-12-23 03:00:00,43.895147846168214
2012-12-23 04:00:00,51.06852334750884
2012-12-23 05:00:00,39.94811585143013
2012-12-23 06:00:00,5.186097942076813
2012-12-23 07:00:00,5.186097942076813
2012-12-23 08:00:00,17.52219266832551
2012-12-23 09:00:00,52.43831360629607
2012-12-23 10:00:00,49.55858920769218
2012-12-23 11:00:00,61.52319155916605
2012-12-23 12:00:00,120.88329006787329
2012-12-23 13:00:00,119.68822786111977
2012-12-23 14:00:00,185.3297962375252
2012-12-23 15:00:00,156.178893954097
2012-12-23 16:00:00,162.22875848464423
2012-12-23 17:00:00,112.91323658835398
2012-12-23 18:00:00,105.99077269747892
2012-12-23 19:00:00,144.25025094603566
2012-12-23 20:00:00,20.488173529298958
2012-12-23 21:00:00,32.420656908635365
2012-12-23 22:00:00,35.510555905540784
2012-12-23 23:00:00,21.07853736741213
2012-12-24 00:00:00,46.62852663017531
2012-12-24 01:00:00,46.62852663017531
2012-12-24 02:00:00,55.22801500547082
2012-12-24 03:00:00,55.22801500547082
2012-12-24 05:00:00,101.64624528642469
2012-12-24 06:00:00,55.22801500547082
2012-12-24 07:00:00,42.910778773352284
2012-12-24 08:00:00,46.62852663017531
2012-12-24 09:00:00,100.55865716320625
2012-12-24 10:00:00,66.87030496617902
2012-12-24 11:00:00,119.28770075186672
2012-12-24 12:00:00,92.49575171555814
2012-12-24 13:00:00,99.13378617534906
2012-12-24 14:00:00,98.89811811744735
2012-12-24 15:00:00,71.85060802239029
2012-12-24 16:00:00,71.85060802239029
2012-12-24 17:00:00,50.611386565202004
2012-12-24 18:00:00,69.73203433293445
2012-12-24 19:00:00,79.47509571635776
2012-12-24 20:00:00,55.77489069503938
2012-12-24 21:00:00,71.33440645031277
2012-12-24 22:00:00,99.7976798052093
2012-12-24 23:00:00,93.73829880897986
2012-12-25 00:00:00,45.568186726232646
2012-12-25 01:00:00,83.89944075394793
2012-12-25 02:00:00,83.89944075394793
2012-12-25 04:00:00,60.13810745959698
2012-12-25 05:00:00,56.06356171854937
2012-12-25 06:00:00,56.06356171854937
2012-12-25 07:00:00,61.381521082479225
2012-12-25 08:00:00,58.13786836406311
2012-12-25 09:00:00,57.346468726698596
2012-12-25 10:00:00,43.53852728655034
2012-12-25 11:00:00,35.25402622649347
2012-12-25 12:00:00,42.844927757648804
2012-12-25 13:00:00,103.95259372664506
2012-12-25 14:00:00,124.22053661548674
2012-12-25 15:00:00,99.47862554865904
2012-12-25 16:00:00,91.97565834462013
2012-12-25 17:00:00,111.59183121833799
2012-12-25 18:00:00,123.76402577585174
2012-12-25 19:00:00,133.96383774597547
2012-12-25 20:00:00,129.07871623887647
2012-12-25 21:00:00,125.15894683998198
2012-12-25 22:00:00,106.85620432831169
2012-12-25 23:00:00,124.60522990727452
2012-12-26 00:00:00,109.48524255163841
2012-12-26 01:00:00,143.4674504106313
2012-12-26 02:00:00,143.4674504106313
2012-12-26 03:00:00,85.82170654998336
2012-12-26 04:00:00,124.36595637427936
2012-12-26 05:00:00,66.8365217755624
2012-12-26 06:00:00,74.45288545388931
2012-12-26 07:00:00,11.390482647793938
2012-12-26 08:00:00,11.390482647793938
2012-12-26 09:00:00,11.390482647793938
2012-12-26 10:00:00,20.264743820413834
2012-12-26 11:00:00,19.023837628463326
2012-12-26 12:00:00,17.1162764700032
2012-12-26 13:00:00,17.1162764700032
2012-12-26 14:00:00,27.882347842197348
2012-12-26 15:00:00,29.22523802130349
2012-12-26 16:00:00,29.22523802130349
2012-12-26 17:00:00,12.851731874659045
2012-12-26 18:00:00,8.368651708308818
2012-12-26 19:00:00,76.09792523888447
2012-12-26 20:00:00,37.287951160936466
2012-12-26 21:00:00,68.58171251092497
2012-12-26 22:00:00,30.505617562437408
2012-12-26 23:00:00,25.74119488406317
2012-12-27 00:00:00,25.74119488406317
2012-12-27 01:00:00,30.505617562437408
2012-12-27 02:00:00,62.852097014094944
2012-12-27 03:00:00,101.26395021203228
2012-12-27 04:00:00,49.11233887721475
2012-12-27 05:00:00,80.32607708860266
2012-12-27 06:00:00,52.37988138464426
2012-12-27 07:00:00,99.16234145801585
2012-12-27 08:00:00,142.95005141359303
2012-12-27 09:00:00,106.13041509071013
2012-12-27 10:00:00,137.99847876310452
2012-12-27 11:00:00,139.28785321960086
2012-12-27 12:00:00,104.49299716220662
2012-12-27 13:00:00,104.49299716220662
2012-12-27 14:00:00,190.52439062196225
2012-12-27 15:00:00,158.61466470860333
2012-12-27 16:00:00,94.64370530702215
2012-12-27 17:00:00,94.64370530702215
2012-12-27 18:00:00,125.39781969595717
2012-12-27 19:00:00,103.78160807108043
2012-12-27 20:00:00,97.43483602252314
2012-12-27 21:00:00,125.39781969595717
2012-12-27 22:00:00,117.43295824781615
2012-12-27 23:00:00,125.39781969595717
2012-12-28 00:00:00,117.90755769624172
2012-12-28 01:00:00,106.90251686346701
2012-12-28 02:00:00,111.24255774442082
2012-12-28 03:00:00,117.90755769624172
2012-12-28 04:00:00,112.08208775355469
2012-12-28 05:00:00,99.33010337593933
2012-12-28 06:00:00,86.53804693761563
2012-12-28 07:00:00,90.84650160602787
2012-12-28 08:00:00,108.28004870940131
2012-12-28 09:00:00,117.43295824781615
2012-12-28 10:00:00,103.43471219310757
2012-12-28 11:00:00,99.09739637489368
2012-12-28 12:00:00,118.39457670808069
2012-12-28 13:00:00,118.39457670808069
2012-12-28 14:00:00,118.39457670808069
2012-12-28 15:00:00,112.85020735438181
2012-12-28 16:00:00,116.51156820089867
2012-12-28 17:00:00,87.0293860987717
2012-12-28 18:00:00,87.0293860987717
2012-12-28 19:00:00,125.75025211634822
2012-12-28 20:00:00,100.55865716320625
2012-12-28 21:00:00,107.29589694392969
2012-12-28 22:00:00,108.34377299591549
2012-12-28 23:00:00,86.8767138101129
2012-12-29 00:00:00,79.80141247691942
2012-12-29 01:00:00,71.83481441397936
2012-12-29 02:00:00,79.80141247691942
2012-12-29 03:00:00,75.01318542485392
2012-12-29 04:00:00,71.83481441397936
2012-12-29 05:00:00,71.83481441397936
2012-12-29 06:00:00,88.08890410707397
2012-12-29 07:00:00,83.55985547459079
2012-12-29 08:00:00,81.41246650708288
2012-12-29 09:00:00,81.41246650708288
2012-12-29 10:00:00,73.66003269319059
2012-12-29 11:00:00,27.82180956335157
2012-12-29 12:00:00,36.434115030360275
2012-12-29 13:00:00,36.434115030360275
2012-12-29 14:00:00,59.624603295205745
2012-12-29 15:00:00,56.19647056535171
2012-12-29 16:00:00,58.030335697673024
2012-12-29 17:00:00,56.94641568515917
2012-12-29 18:00:00,54.10706837402714
2012-12-29 19:00:00,116.3940345973367
2012-12-29 20:00:00,153.8878060093816
2012-12-29 21:00:00,116.30828067116448
2012-12-29 22:00:00,109.33557995859512
2012-12-29 23:00:00,48.522471050188244
2012-12-30 00:00:00,78.55410533668206
2012-12-30 01:00:00,131.23602978201458
2012-12-30 02:00:00,89.1122910029285
2012-12-30 03:00:00,131.23602978201458
2012-12-30 04:00:00,75.26410333836346
2012-12-30 05:00:00,116.67367636040294
2012-12-30 06:00:00,115.4026381308033
2012-12-30 07:00:00,84.63650025803486
2012-12-30 08:00:00,104.26315654494638
2012-12-30 09:00:00,91.34638373224637
2012-12-30 10:00:00,105.8523978108261
2012-12-30 11:00:00,105.79731585252283
2012-12-30 12:00:00,131.59049274230497
2012-12-30 13:00:00,126.62670297257246
2012-12-30 14:00:00,104.24718465503322
2012-12-30 15:00:00,121.11732642184492
2012-12-30 16:00:00,108.52680368934176
2012-12-30 17:00:00,118.88171806042534
2012-12-30 18:00:00,108.0119612726719
2012-12-30 19:00:00,79.09546216518206
2012-12-30 20:00:00,77.89040339850438
2012-12-30 21:00:00,56.558100955879574
2012-12-30 22:00:00,68.84232284013378
2012-12-30 23:00:00,63.208763775090205
2012-12-31 00:00:00,79.62004735970348
2012-12-31 01:00:00,79.62004735970348
2012-12-31 02:00:00,96.01522258617749
2012-12-31 03:00:00,90.57300623654046
2012-12-31 04:00:00,68.63287907473031
2012-12-31 05:00:00,70.88699343268394
2012-12-31 06:00:00,82.7568359034276
2012-12-31 07:00:00,78.83356809915955
2012-12-31 08:00:00,67.55731498230713
2012-12-31 09:00:00,66.66892054603093
2012-12-31 10:00:00,79.03716692465443
2012-12-31 11:00:00,104.45666021152653
2012-12-31 12:00:00,109.020510621284
2012-12-31 13:00:00,112.87008235764918
2012-12-31 14:00:00,113.21900460653349
2012-12-31 15:00:00,113.14076791359449
2012-12-31 16:00:00,102.21608913439849
2012-12-31 17:00:00,84.26066425298356
2012-12-31 18:00:00,99.0977968551293
2012-12-31 19:00:00,119.28770075186672
2012-12-31 20:00:00,119.28770075186672
2012-12-31 21:00:00,102.64987242666396
2012-12-31 22:00:00,81.54950443711505
2012-12-31 23:00:00,78.15948799535748
